nobel_prize_laureate,nobel_prize,nobel_prize_year,nationality,birth_year
Friedrich Hayek,Nobel Memorial Prize in Economic Sciences,1974,Austria,1899
Alvin E. Roth,Nobel Memorial Prize in Economic Sciences,2012,United States,1951
Robert B. Wilson,Nobel Memorial Prize in Economic Sciences,2020,United States,1937
Tjalling Koopmans,Nobel Memorial Prize in Economic Sciences,1975,United States,1910
Gunnar Myrdal,Nobel Memorial Prize in Economic Sciences,1974,Sweden,1898
Merton Miller,Nobel Memorial Prize in Economic Sciences,1990,United States,1923
Jean Tirole,Nobel Memorial Prize in Economic Sciences,2014,France,1953
Douglas Diamond,Nobel Memorial Prize in Economic Sciences,2022,United States,1953
Gary Becker,Nobel Memorial Prize in Economic Sciences,1992,United States,1930
Angus Deaton,Nobel Memorial Prize in Economic Sciences,2015,United States,1945
John Harsanyi,Nobel Memorial Prize in Economic Sciences,1994,United States,1920
John Harsanyi,Nobel Memorial Prize in Economic Sciences,1994,Hungary,1920
Kenneth Arrow,Nobel Memorial Prize in Economic Sciences,1972,United States,1921
Myron Scholes,Nobel Memorial Prize in Economic Sciences,1997,Canada,1941
Bengt Holmström,Nobel Memorial Prize in Economic Sciences,2016,Finland,1949
Richard Thaler,Nobel Memorial Prize in Economic Sciences,2017,United States,1945
Oliver Hart ,Nobel Memorial Prize in Economic Sciences,2016,United States,1948
Paul Milgrom,Nobel Memorial Prize in Economic Sciences,2020,United States,1948
Herbert A. Simon,Nobel Memorial Prize in Economic Sciences,1978,United States,1916
George Akerlof,Nobel Memorial Prize in Economic Sciences,2001,United States,1940
James Mirrlees,Nobel Memorial Prize in Economic Sciences,1996,British,1936
Joseph Stiglitz,Nobel Memorial Prize in Economic Sciences,2001,United States,1943
Michael Spence,Nobel Memorial Prize in Economic Sciences,2001,United States,1943
Amartya Sen,Nobel Memorial Prize in Economic Sciences,1998,India,1933
Robert J. Shiller,Nobel Memorial Prize in Economic Sciences,2013,United States,1946
Milton Friedman,Nobel Memorial Prize in Economic Sciences,1976,United States,1912
John Forbes Nash Jr.,Nobel Memorial Prize in Economic Sciences,1994,United States,1928
Christopher A. Pissarides,Nobel Memorial Prize in Economic Sciences,2010,Cyprus,1948
Guido Imbens,Nobel Memorial Prize in Economic Sciences,2021,United States,1963
Edmund Phelps,Nobel Memorial Prize in Economic Sciences,2006,United States,1933
Maurice Allais,Nobel Memorial Prize in Economic Sciences,1988,France,1911
Bertil Ohlin,Nobel Memorial Prize in Economic Sciences,1977,Sweden,1899
John Hicks,Nobel Memorial Prize in Economic Sciences,1972,British,1904
Ronald Coase,Nobel Memorial Prize in Economic Sciences,1991,British,1910
Simon Kuznets,Nobel Memorial Prize in Economic Sciences,null,United States,1901
Daniel Kahneman,Nobel Memorial Prize in Economic Sciences,2002,Israel,1934
Daniel Kahneman,Nobel Memorial Prize in Economic Sciences,2002,United States,1934
W. Arthur Lewis,Nobel Memorial Prize in Economic Sciences,1979,Saint Lucian,1915
Lloyd Shapley,Nobel Memorial Prize in Economic Sciences,2012,United States,1923
William Vickrey,Nobel Memorial Prize in Economic Sciences,1996,Canada,1914
William Vickrey,Nobel Memorial Prize in Economic Sciences,1996,United States,1914
Clive Granger,Nobel Memorial Prize in Economic Sciences,2003,British,1934
Abhijit Banerjee,Nobel Memorial Prize in Economic Sciences,2019,United States,1961
Esther Duflo,Nobel Memorial Prize in Economic Sciences,2019,France,1972
Esther Duflo,Nobel Memorial Prize in Economic Sciences,2019,United States,1972
Paul Romer,Nobel Memorial Prize in Economic Sciences,2018,United States,1955
Michael Kremer,Nobel Memorial Prize in Economic Sciences,2019,United States,1964
Paul Krugman,Nobel Memorial Prize in Economic Sciences,2008,United States,1953
Peter Diamond,Nobel Memorial Prize in Economic Sciences,2010,United States,1940
James Heckman,Nobel Memorial Prize in Economic Sciences,2000,United States,1944
Theodore Schultz,Nobel Memorial Prize in Economic Sciences,1979,United States,1902
Reinhard Selten,Nobel Memorial Prize in Economic Sciences,1994,Germany,1930
Elinor Ostrom,Nobel Memorial Prize in Economic Sciences,2009,United States,1933
Ben Bernanke,Nobel Memorial Prize in Economic Sciences,2022,United States,1953
James M. Buchanan,Nobel Memorial Prize in Economic Sciences,1986,United States,1919
Trygve Haavelmo,Nobel Memorial Prize in Economic Sciences,1989,Norway,1911
William Nordhaus,Nobel Memorial Prize in Economic Sciences,2018,United States,1941
Robert Solow,Nobel Memorial Prize in Economic Sciences,1987,United States,1924
Edward C. Prescott,Nobel Memorial Prize in Economic Sciences,2004,United States,1940
Philip H. Dybvig,Nobel Memorial Prize in Economic Sciences,2022,United States,1955
Joshua Angrist,Nobel Memorial Prize in Economic Sciences,2021,Israel,1960
Joshua Angrist,Nobel Memorial Prize in Economic Sciences,2021,United States,1960
Paul Samuelson,Nobel Memorial Prize in Economic Sciences,1970,United States,1915
Wassily Leontief,Nobel Memorial Prize in Economic Sciences,1973,United States,1906
Jan Tinbergen,Nobel Memorial Prize in Economic Sciences,1969,Dutch,1903
James Tobin,Nobel Memorial Prize in Economic Sciences,1981,United States,1918
Richard Stone,Nobel Memorial Prize in Economic Sciences,1984,British,1913
George Stigler,Nobel Memorial Prize in Economic Sciences,1982,United States,1911
William F. Sharpe,Nobel Memorial Prize in Economic Sciences,1990,United States,1934
Robert C. Merton,Nobel Memorial Prize in Economic Sciences,1997,United States,1944
Robert Mundell,Nobel Memorial Prize in Economic Sciences,1999,Canada,1932
Robert Lucas Jr.,Nobel Memorial Prize in Economic Sciences,1995,United States,1937
Leonid Kantorovich,Nobel Memorial Prize in Economic Sciences,1975,Russian,1912
Thomas J. Sargent,Nobel Memorial Prize in Economic Sciences,2011,United States,1943
Christopher A. Sims,Nobel Memorial Prize in Economic Sciences,2011,United States,1942
Dale T. Mortensen,Nobel Memorial Prize in Economic Sciences,2010,United States,1939
Thomas Schelling,Nobel Memorial Prize in Economic Sciences,2005,United States,1921
Ragnar Frisch,Nobel Memorial Prize in Economic Sciences,1969,Norwegian,1895
Gérard Debreu,Nobel Memorial Prize in Economic Sciences,1983,United States,1921
Oliver E. Williamson,Nobel Memorial Prize in Economic Sciences,2009,United States,1932
Robert Fogel,Nobel Memorial Prize in Economic Sciences,1993,United States,1926
Lawrence Klein,Nobel Memorial Prize in Economic Sciences,1980,United States,1920
Robert F. Engle,Nobel Memorial Prize in Economic Sciences,2003,United States,1941
Leonid Hurwicz,Nobel Memorial Prize in Economic Sciences,2007,Poland,1917
Leonid Hurwicz,Nobel Memorial Prize in Economic Sciences,2007,United States,1917
Finn E. Kydland,Nobel Memorial Prize in Economic Sciences,2004,Norwegian,1943
James Meade,Nobel Memorial Prize in Economic Sciences,1977,British,1907
Harry Markowitz,Nobel Memorial Prize in Economic Sciences,1990,United States,1927
Daniel McFadden,Nobel Memorial Prize in Economic Sciences,2000,United States,1937
Robert Aumann,Nobel Memorial Prize in Economic Sciences,2005,Israel,1930
Robert Aumann,Nobel Memorial Prize in Economic Sciences,2005,United States,1930
Franco Modigliani,Nobel Memorial Prize in Economic Sciences,1985,Italy,1918
Franco Modigliani,Nobel Memorial Prize in Economic Sciences,1985,United States,1918
Roger Myerson,Nobel Memorial Prize in Economic Sciences,2007,United States,1951
Douglass North,Nobel Memorial Prize in Economic Sciences,1993,United States,1920
Vernon L. Smith,Nobel Memorial Prize in Economic Sciences,2002,United States,1927
David Card,Nobel Memorial Prize in Economic Sciences,2021,Canada,1956
Eric Maskin,Nobel Memorial Prize in Economic Sciences,2007,United States,1950
Eugene Fama,Nobel Memorial Prize in Economic Sciences,2013,United States,1939
Lars Peter Hansen,Nobel Memorial Prize in Economic Sciences,2013,United States,1952
Andrei Sakharov,Nobel Peace Prize,1975,Russian,1921
European Union,Nobel Peace Prize,2012,European Union,null
Henri La Fontaine,Nobel Peace Prize,1913,Belgium,1854
International Atomic Energy Agency,Nobel Peace Prize,2005,null,null
International Labour Organization,Nobel Peace Prize,1969,null,null
Kofi Annan,Nobel Peace Prize,2001,Ghana,1938
Organisation for the Prohibition of Chemical Weapons,Nobel Peace Prize,2013,Netherlands,null
UNICEF,Nobel Peace Prize,1965,United Nations,null
Jimmy Carter,Nobel Peace Prize,2002,United States,1924
Malala Yousafzai,Nobel Peace Prize,2014,Pakistan,1997
Theodore Roosevelt,Nobel Peace Prize,1906,United States,1858
Institut de Droit International,Nobel Peace Prize,1904,Belgium,null
Barack Obama,Nobel Peace Prize,2009,Kenya,1961
Barack Obama,Nobel Peace Prize,2009,United States,1961
International Committee of the Red Cross,Nobel Peace Prize,1917,Switzerland,null
International Committee of the Red Cross,Nobel Peace Prize,1944,Switzerland,null
International Committee of the Red Cross,Nobel Peace Prize,1963,Switzerland,null
Mohamed ElBaradei,Nobel Peace Prize,2005,Egypt,1942
Alva Myrdal,Nobel Peace Prize,1982,Sweden,1902
Norman Borlaug,Nobel Peace Prize,1970,United States,1914
Aristide Briand,Nobel Peace Prize,1926,France,1862
Fredrik Bajer,Nobel Peace Prize,1908,Denmark,1837
Randal Cremer,Nobel Peace Prize,1903,British,1828
Carlos Saavedra Lamas,Nobel Peace Prize,1936,Argentina,1878
David Trimble,Nobel Peace Prize,1998,Northern Irish,1944
Anwar Sadat,Nobel Peace Prize,1978,Egypt,1918
Anwar Sadat,Nobel Peace Prize,1978,Kingdom of Egypt,1918
Anwar Sadat,Nobel Peace Prize,1978,Sultanate of Egypt,1918
Albert Luthuli,Nobel Peace Prize,null,South Africa,1898
Amnesty International,Nobel Peace Prize,1977,United Kingdom,null
International Physicians for the Prevention of Nuclear War,Nobel Peace Prize,1985,United States,null
Woodrow Wilson,Nobel Peace Prize,1919,United States,1856
Woodrow Wilson,Nobel Peace Prize,1920,United States,1856
International Campaign to Ban Landmines,Nobel Peace Prize,1997,International,null
Jody Williams,Nobel Peace Prize,1997,United States,1950
Hjalmar Branting,Nobel Peace Prize,1921,Sweden,1860
Memorial ,Nobel Peace Prize,2022,Russian,null
Seán MacBride,Nobel Peace Prize,1974,France,1904
Seán MacBride,Nobel Peace Prize,1974,Republic of Ireland,1904
Martin Luther King Jr.,Nobel Peace Prize,null,United States,1929
Nelson Mandela,Nobel Peace Prize,1993,South Africa,1918
Nansen International Office for Refugees,Nobel Peace Prize,1938,French,null
Liu Xiaobo,Nobel Peace Prize,2010,China,1955
Intergovernmental Panel on Climate Change,Nobel Peace Prize,2007,United Nations,null
Al Gore,Nobel Peace Prize,2007,United States,1948
Henry Dunant,Nobel Peace Prize,1901,France,1828
Henry Dunant,Nobel Peace Prize,1901,Switzerland,1828
Henry Kissinger,Nobel Peace Prize,1973,Germany,1923
Henry Kissinger,Nobel Peace Prize,1973,United States,1923
Human Rights Watch,Nobel Peace Prize,1997,United States,null
14th Dalai Lama,Nobel Peace Prize,null,China,1935
Mikhail Gorbachev,Nobel Peace Prize,1990,Russia,1931
René Cassin,Nobel Peace Prize,1968,France,1887
International Federation of Red Cross and Red Crescent Societies,Nobel Peace Prize,1963,Switzerland,null
Médecins Sans Frontières,Nobel Peace Prize,1999,France,null
United Nations High Commissioner for Refugees,Nobel Peace Prize,1954,Switzerland,null
United Nations High Commissioner for Refugees,Nobel Peace Prize,1981,Switzerland,null
World Food Programme,Nobel Peace Prize,2020,United States,null
Nicholas Murray Butler,Nobel Peace Prize,1931,United States,1862
Yitzhak Rabin,Nobel Peace Prize,1994,Israel,1922
Dag Hammarskjöld,Nobel Peace Prize,null,Sweden,1905
Ernesto Teodoro Moneta,Nobel Peace Prize,1907,Italian,1833
Elie Wiesel,Nobel Peace Prize,1986,United States,1928
Wangari Maathai,Nobel Peace Prize,2004,Kenya,1940
Óscar Arias,Nobel Peace Prize,1987,Costa Rica,1941
Alfred Hermann Fried,Nobel Peace Prize,1911,Austria,1864
Ales Bialiatski,Nobel Peace Prize,2022,Belarus,1962
Austen Chamberlain,Nobel Peace Prize,1925,British,1863
Frank B. Kellogg,Nobel Peace Prize,1929,United States,1856
Auguste Beernaert,Nobel Peace Prize,1909,Belgium,1829
Lester B. Pearson,Nobel Peace Prize,1957,Canada,1897
Joseph Rotblat,Nobel Peace Prize,1995,Poland,1908
Lê Đức Thọ,Nobel Peace Prize,1973,Vietnam,1911
Louis Renault ,Nobel Peace Prize,1907,France,1843
"Robert Cecil, 1st Viscount Cecil of Chelwood",Nobel Peace Prize,1937,British,1864
International Campaign to Abolish Nuclear Weapons,Nobel Peace Prize,2017,Australia,null
International Peace Bureau,Nobel Peace Prize,1910,France,null
International Peace Bureau,Nobel Peace Prize,1913,France,null
Dmitry Muratov,Nobel Peace Prize,2021,Russia,1961
Frédéric Passy,Nobel Peace Prize,1901,France,1822
Albert Schweitzer,Nobel Peace Prize,1952,France,1875
Albert Schweitzer,Nobel Peace Prize,1952,Germany,1875
Fridtjof Nansen,Nobel Peace Prize,1922,Norwegian,1861
Fridtjof Nansen,Nobel Peace Prize,1938,Norwegian,1861
Shirin Ebadi,Nobel Peace Prize,2003,Iran,1947
Shimon Peres,Nobel Peace Prize,1994,Israel,1923
Jane Addams,Nobel Peace Prize,1931,United States,1860
Maria Ressa,Nobel Peace Prize,2021,Philippines,1963
Maria Ressa,Nobel Peace Prize,2021,United States,1963
Denis Mukwege,Nobel Peace Prize,2018,Democratic Republic of the Congo,1955
Aung San Suu Kyi,Nobel Peace Prize,1991,Myanmar,1945
Abiy Ahmed,Nobel Peace Prize,2019,Ethiopia,1976
José Ramos-Horta,Nobel Peace Prize,1996,East Timor,1949
Lech Wałęsa,Nobel Peace Prize,1983,Poland,1943
Gustav Stresemann,Nobel Peace Prize,1926,Germany,1878
Ludwig Quidde,Nobel Peace Prize,1927,German,1858
Betty Williams (peace activist),Nobel Peace Prize,1976,Northern Irish,1943
Betty Williams (peace activist),Nobel Peace Prize,1977,Northern Irish,1943
Mairead Maguire,Nobel Peace Prize,1976,Northern Irish,1944
John Mott,Nobel Peace Prize,1946,United States,1865
Klas Pontus Arnoldson,Nobel Peace Prize,1908,Sweden,1844
Adolfo Pérez Esquivel,Nobel Peace Prize,1980,Argentina,1931
Alfonso García Robles,Nobel Peace Prize,1982,Mexican,1911
Christian Lous Lange,Nobel Peace Prize,1921,Norwegian,1869
Willy Brandt,Nobel Peace Prize,1971,German,1913
Pugwash Conferences on Science and World Affairs,Nobel Peace Prize,1995,Canada,null
American Friends Service Committee,Nobel Peace Prize,1947,United States,null
Linus Pauling,Nobel Peace Prize,1954,United States,1901
Linus Pauling,Nobel Peace Prize,1962,United States,1901
Desmond Tutu,Nobel Peace Prize,1984,South Africa,1931
Philip Noel-Baker,Nobel Peace Prize,1959,British,1889
F. W. de Klerk,Nobel Peace Prize,1993,South Africa,1936
Yasser Arafat,Nobel Peace Prize,1994,State of Palestine,1929
Eisaku Satō,Nobel Peace Prize,1974,Japan,1901
Tunisian National Dialogue Quartet,Nobel Peace Prize,null,Tunisian,null
Bertha von Suttner,Nobel Peace Prize,1905,Austrian,1843
Juan Manuel Santos,Nobel Peace Prize,2016,Colombia,1951
Charles G. Dawes,Nobel Peace Prize,1925,United States,1865
Menachem Begin,Nobel Peace Prize,1978,Israel,1913
Menachem Begin,Nobel Peace Prize,1978,Poland,1913
Muhammad Yunus,Nobel Peace Prize,2006,Bangladesh,1940
Rigoberta Menchú,Nobel Peace Prize,1992,Guatemala,1959
George C. Marshall,Nobel Peace Prize,1953,United States,1880
Carl von Ossietzky,Nobel Peace Prize,1935,German,1889
Tawakkol Karman,Nobel Peace Prize,2011,Yemen,1979
Emily Greene Balch,Nobel Peace Prize,1946,United States,1867
Ferdinand Buisson,Nobel Peace Prize,1927,France,1841
John Boyd Orr,Nobel Peace Prize,1949,Scottish,1880
Kim Dae-jung,Nobel Peace Prize,2000,South Korea,1924
Martti Ahtisaari,Nobel Peace Prize,2008,Finland,1937
Nathan Söderblom,Nobel Peace Prize,1930,Sweden,1866
Cordell Hull,Nobel Peace Prize,1945,United States,1871
Elihu Root,Nobel Peace Prize,1912,United States,1845
Tobias Asser,Nobel Peace Prize,1911,Dutch,1838
Quaker Peace and Social Witness,Nobel Peace Prize,1947,British,null
Kailash Satyarthi,Nobel Peace Prize,2014,India,1954
Nadia Murad,Nobel Peace Prize,2018,Iraq,1993
Ellen Johnson Sirleaf,Nobel Peace Prize,2011,Liberia,1938
Élie Ducommun,Nobel Peace Prize,1902,Switzerland,1833
Léon Jouhaux,Nobel Peace Prize,1951,France,1879
Grameen Bank,Nobel Peace Prize,2006,Bangladesh,null
John Hume,Nobel Peace Prize,1998,Republic of Ireland,1937
Léon Bourgeois,Nobel Peace Prize,1920,France,1851
Ralph Bunche,Nobel Peace Prize,1950,United States,1904
Paul Henri Balluet d'Estournelles de Constant,Nobel Peace Prize,1909,France,1852
Leymah Gbowee,Nobel Peace Prize,2011,Liberia,1972
Dominique Pire,Nobel Peace Prize,1958,Belgium,1910
Charles Albert Gobat,Nobel Peace Prize,1902,Switzerland,1843
Arthur Henderson,Nobel Peace Prize,1934,British,1863
Carlos Filipe Ximenes Belo,Nobel Peace Prize,1996,East Timor,1948
Center for Civil Liberties (human rights organization),Nobel Peace Prize,2022,Ukrainian,null
Dorothy Hodgkin,Nobel Prize in Chemistry,1964,English,1910
Irène Joliot-Curie,Nobel Prize in Chemistry,1935,France,1897
Marie Curie,Nobel Prize in Chemistry,1903,France,1867
Marie Curie,Nobel Prize in Chemistry,1903,Poland,1867
Marie Curie,Nobel Prize in Chemistry,1911,France,1867
Marie Curie,Nobel Prize in Chemistry,1911,Poland,1867
Edwin McMillan,Nobel Prize in Chemistry,1951,United States,1907
Richard Laurence Millington Synge,Nobel Prize in Chemistry,1952,British,1914
Adolf von Baeyer,Nobel Prize in Chemistry,1905,German,1835
Gerhard Herzberg,Nobel Prize in Chemistry,1971,Canada,1904
Gerhard Herzberg,Nobel Prize in Chemistry,1971,Germany,1904
Hans Fischer,Nobel Prize in Chemistry,1930,Germany,1881
Paul Berg,Nobel Prize in Chemistry,1980,United States,1926
Ei-ichi Negishi,Nobel Prize in Chemistry,2010,Japan,1935
Ei-ichi Negishi,Nobel Prize in Chemistry,2010,United States,1935
Herbert C. Brown,Nobel Prize in Chemistry,1979,United States,1912
Richard F. Heck,Nobel Prize in Chemistry,2010,United States,1931
Stanford Moore,Nobel Prize in Chemistry,1972,United States,1913
Thomas A. Steitz,Nobel Prize in Chemistry,2009,United States,1940
William Giauque,Nobel Prize in Chemistry,1949,Canada,1895
William Giauque,Nobel Prize in Chemistry,1949,United States,1895
Alfred Werner,Nobel Prize in Chemistry,1913,France,1866
Alfred Werner,Nobel Prize in Chemistry,1913,Switzerland,1866
Elias James Corey,Nobel Prize in Chemistry,1990,United States,1928
Ernest Rutherford,Nobel Prize in Chemistry,1908,New Zealand,1871
Harold Urey,Nobel Prize in Chemistry,null,United States,1893
Ilya Prigogine,Nobel Prize in Chemistry,1977,Belgium,1917
Roger Y. Tsien,Nobel Prize in Chemistry,2008,United States,1952
Arne Tiselius,Nobel Prize in Chemistry,1948,Sweden,1902
John E. Walker,Nobel Prize in Chemistry,1997,British,1941
Luis Federico Leloir,Nobel Prize in Chemistry,1970,Argentina,1906
Luis Federico Leloir,Nobel Prize in Chemistry,1970,France,1906
Robert Burns Woodward,Nobel Prize in Chemistry,1965,United States,1917
Walter Gilbert,Nobel Prize in Chemistry,1980,United States,1932
Martin Karplus,Nobel Prize in Chemistry,2013,Austria,1930
Martin Karplus,Nobel Prize in Chemistry,2013,United States,1930
Jens Christian Skou,Nobel Prize in Chemistry,1997,Denmark,1918
Derek Barton,Nobel Prize in Chemistry,1969,English,1918
Aziz Sancar,Nobel Prize in Chemistry,2015,United States,1946
Aziz Sancar,Nobel Prize in Chemistry,2015,Turkey,1946
Alan J. Heeger,Nobel Prize in Chemistry,2000,United States,1936
Robert Robinson ,Nobel Prize in Chemistry,1947,British,1886
Jacques Dubochet,Nobel Prize in Chemistry,2017,Switzerland,1942
Fraser Stoddart,Nobel Prize in Chemistry,2016,United States,1942
Vincent du Vigneaud,Nobel Prize in Chemistry,1955,United States,1901
Fritz Haber,Nobel Prize in Chemistry,1918,German,1868
Walther Nernst,Nobel Prize in Chemistry,1920,Poland,1864
Georg Wittig,Nobel Prize in Chemistry,1979,Germany,1897
Robert Lefkowitz,Nobel Prize in Chemistry,2012,United States,1943
Francis William Aston,Nobel Prize in Chemistry,1922,British,1877
Ahmed Zewail,Nobel Prize in Chemistry,1999,Egypt,1946
Jean-Marie Lehn,Nobel Prize in Chemistry,1987,France,1939
Karl Barry Sharpless,Nobel Prize in Chemistry,2001,United States,1941
Karl Barry Sharpless,Nobel Prize in Chemistry,2022,United States,1941
Lars Onsager,Nobel Prize in Chemistry,1968,United States,1903
Paul Sabatier ,Nobel Prize in Chemistry,1912,France,1854
Peter Debye,Nobel Prize in Chemistry,1936,United States,1884
William Lipscomb,Nobel Prize in Chemistry,1976,United States,1919
Osamu Shimomura,Nobel Prize in Chemistry,2008,Japan,1928
Henry Taube,Nobel Prize in Chemistry,1983,United States,1915
John Pople,Nobel Prize in Chemistry,1998,British,1925
Eric Betzig,Nobel Prize in Chemistry,2014,United States,1960
Theodor Svedberg,Nobel Prize in Chemistry,1926,Sweden,1884
Robert H. Grubbs,Nobel Prize in Chemistry,2005,United States,1942
Hermann Staudinger,Nobel Prize in Chemistry,1953,Germany,1881
Venki Ramakrishnan,Nobel Prize in Chemistry,2009,United States,1952
Emmanuelle Charpentier,Nobel Prize in Chemistry,2020,France,1968
Jennifer Doudna,Nobel Prize in Chemistry,2020,United States,1964
Otto Hahn,Nobel Prize in Chemistry,1944,Germany,1879
Dan Shechtman,Nobel Prize in Chemistry,2011,Israel,1941
Dan Shechtman,Nobel Prize in Chemistry,2011,United States,1941
Johann Deisenhofer,Nobel Prize in Chemistry,1988,Germany,1943
Johann Deisenhofer,Nobel Prize in Chemistry,1988,United States,1943
Manfred Eigen,Nobel Prize in Chemistry,1967,Germany,1927
Max Perutz,Nobel Prize in Chemistry,1962,Austria,1914
Paul Karrer,Nobel Prize in Chemistry,1937,Switzerland,1889
Richard Willstätter,Nobel Prize in Chemistry,1915,Switzerland,1872
Vladimir Prelog,Nobel Prize in Chemistry,1975,Switzerland,1906
Richard Adolf Zsigmondy,Nobel Prize in Chemistry,1925,Austria,1865
Sidney Altman,Nobel Prize in Chemistry,1989,Canada,1939
Sidney Altman,Nobel Prize in Chemistry,1989,United States,1939
Alan MacDiarmid,Nobel Prize in Chemistry,2000,United States,1927
F. Sherwood Rowland,Nobel Prize in Chemistry,1995,United States,1927
Hideki Shirakawa,Nobel Prize in Chemistry,2000,Japan,1936
John Howard Northrop,Nobel Prize in Chemistry,1946,United States,1891
Leopold Ružička,Nobel Prize in Chemistry,1939,Switzerland,1887
Harry Kroto,Nobel Prize in Chemistry,1996,English,1939
Kary Mullis,Nobel Prize in Chemistry,1993,United States,1944
Peter Agre,Nobel Prize in Chemistry,2003,United States,1949
Akira Suzuki ,Nobel Prize in Chemistry,2010,Japan,1930
John B. Fenn,Nobel Prize in Chemistry,2002,United States,1917
Artturi Ilmari Virtanen,Nobel Prize in Chemistry,1945,Finland,1895
Jaroslav Heyrovský,Nobel Prize in Chemistry,1959,Czech,1890
Paul Flory,Nobel Prize in Chemistry,1974,United States,1910
Arthur Harden,Nobel Prize in Chemistry,1929,British,1865
Peter D. Mitchell,Nobel Prize in Chemistry,1978,British,1920
Irwin Rose,Nobel Prize in Chemistry,2004,United States,1926
Ronald George Wreyford Norrish,Nobel Prize in Chemistry,1967,British,1897
William Ramsay,Nobel Prize in Chemistry,1904,Scottish,1852
David MacMillan,Nobel Prize in Chemistry,2021,United States,1968
Paul L. Modrich,Nobel Prize in Chemistry,2015,United States,1946
Grazia Deledda,Nobel Prize in Literature,1926,Italian,1871
Jean-Paul Sartre,Nobel Prize in Literature,1964,France,1905
Hermann Hesse,Nobel Prize in Literature,1946,Germany,1877
Hermann Hesse,Nobel Prize in Literature,1946,Switzerland,1877
François Mauriac,Nobel Prize in Literature,1952,France,1885
André Gide,Nobel Prize in Literature,null,France,1869
Doris Lessing,Nobel Prize in Literature,2007,British,1919
Henri Bergson,Nobel Prize in Literature,1927,France,1859
Elfriede Jelinek,Nobel Prize in Literature,2004,Austria,1946
Wisława Szymborska,Nobel Prize in Literature,1996,Poland,1923
Ivo Andrić,Nobel Prize in Literature,1961,Yugoslav,1892
Paul Heyse,Nobel Prize in Literature,1910,German,1830
Jacinto Benavente,Nobel Prize in Literature,1922,Spain,1866
Rabindranath Tagore,Nobel Prize in Literature,1913,Indian,1861
Pär Lagerkvist,Nobel Prize in Literature,1951,Sweden,1891
Erik Axel Karlfeldt,Nobel Prize in Literature,1919,Sweden,1864
Erik Axel Karlfeldt,Nobel Prize in Literature,1931,Sweden,1864
Frans Eemil Sillanpää,Nobel Prize in Literature,1939,Finland,1888
Selma Lagerlöf,Nobel Prize in Literature,1909,Sweden,1858
W. B. Yeats,Nobel Prize in Literature,1923,Irish,1865
Albert Camus,Nobel Prize in Literature,1957,France,1913
George Bernard Shaw,Nobel Prize in Literature,1925,Republic of Ireland,1856
Ernest Hemingway,Nobel Prize in Literature,1954,United States,1899
Harry Martinson,Nobel Prize in Literature,1974,Sweden,1904
Bertrand Russell,Nobel Prize in Literature,1950,English,1872
Czesław Miłosz,Nobel Prize in Literature,null,Poland,1911
Czesław Miłosz,Nobel Prize in Literature,null,United States,1911
Czesław Miłosz,Nobel Prize in Literature,null,Lithuania,1911
Thomas Mann,Nobel Prize in Literature,1929,German,1875
William Faulkner,Nobel Prize in Literature,1949,United States,1897
Henryk Sienkiewicz,Nobel Prize in Literature,1905,Poland,1846
Gabriel García Márquez,Nobel Prize in Literature,null,Colombia,1927
Rudyard Kipling,Nobel Prize in Literature,1907,English,1865
Bob Dylan,Nobel Prize in Literature,2016,United States,1941
Winston Churchill,Nobel Prize in Literature,1953,British,1874
V. S. Naipaul,Nobel Prize in Literature,2001,Trinidad and Tobago,1932
Günter Grass,Nobel Prize in Literature,1999,Germany,1927
Harold Pinter,Nobel Prize in Literature,2005,British,1930
Orhan Pamuk,Nobel Prize in Literature,2006,Turkey,1952
Maurice Maeterlinck,Nobel Prize in Literature,1911,Belgium,1862
John Steinbeck,Nobel Prize in Literature,1962,United States,1902
Gerhart Hauptmann,Nobel Prize in Literature,1912,German,1862
José Saramago,Nobel Prize in Literature,1998,Portugal,1922
One Hundred Years of Solitude,Nobel Prize in Literature,1982,Colombian,null
Samuel Beckett,Nobel Prize in Literature,1969,France,1906
Samuel Beckett,Nobel Prize in Literature,1969,Republic of Ireland,1906
J. M. Coetzee,Nobel Prize in Literature,2003,South Africa,1940
Camilo José Cela,Nobel Prize in Literature,1989,Spain,1916
Anatole France,Nobel Prize in Literature,1921,France,1844
Heinrich Böll,Nobel Prize in Literature,1972,Germany,1917
Sinclair Lewis,Nobel Prize in Literature,1930,United States,1885
Mario Vargas Llosa,Nobel Prize in Literature,2010,Peru,1936
Mario Vargas Llosa,Nobel Prize in Literature,2010,Spain,1936
Tomas Tranströmer,Nobel Prize in Literature,2011,Sweden,1931
Mo Yan,Nobel Prize in Literature,2012,China,1955
T. S. Eliot,Nobel Prize in Literature,1948,United States,1888
Knut Hamsun,Nobel Prize in Literature,1920,Norwegian,1859
Roger Martin du Gard,Nobel Prize in Literature,1937,France,1881
Patrick Modiano,Nobel Prize in Literature,null,France,1945
Naguib Mahfouz,Nobel Prize in Literature,1988,Egypt,1911
Naguib Mahfouz,Nobel Prize in Literature,1988,Kingdom of Egypt,1911
Naguib Mahfouz,Nobel Prize in Literature,1988,Sultanate of Egypt,1911
J. M. G. Le Clézio,Nobel Prize in Literature,2008,France,1940
J. M. G. Le Clézio,Nobel Prize in Literature,2008,Mauritius,1940
Henrik Pontoppidan,Nobel Prize in Literature,1917,Denmark,1857
Toni Morrison,Nobel Prize in Literature,1993,United States,1931
Luigi Pirandello,Nobel Prize in Literature,1934,Italian,1867
Alice Munro,Nobel Prize in Literature,2013,Canada,1931
Derek Walcott,Nobel Prize in Literature,1992,Saint Lucian,1930
William Golding,Nobel Prize in Literature,1983,British,1911
Eugene O'Neill,Nobel Prize in Literature,1936,United States,1888
Ivan Bunin,Nobel Prize in Literature,1933,France,1870
Kazuo Ishiguro,Nobel Prize in Literature,2017,Japan,1954
Aleksandr Solzhenitsyn,Nobel Prize in Literature,1970,Russia,1918
Pearl S. Buck,Nobel Prize in Literature,1938,United States,1892
Pablo Neruda,Nobel Prize in Literature,1971,Chile,1904
Seamus Heaney,Nobel Prize in Literature,1995,Republic of Ireland,1939
Verner von Heidenstam,Nobel Prize in Literature,1916,Sweden,1859
Herta Müller,Nobel Prize in Literature,2009,Germany,1953
Herta Müller,Nobel Prize in Literature,2009,Romania,1953
Wole Soyinka,Nobel Prize in Literature,1986,Nigeria,1934
Dario Fo,Nobel Prize in Literature,1997,Italy,1926
Patrick White,Nobel Prize in Literature,1973,Australian,1912
Isaac Bashevis Singer,Nobel Prize in Literature,1978,Poland,1904
Isaac Bashevis Singer,Nobel Prize in Literature,1978,United States,1904
Eyvind Johnson,Nobel Prize in Literature,1974,Sweden,1900
John Galsworthy,Nobel Prize in Literature,1932,English,1867
Saul Bellow,Nobel Prize in Literature,1976,United States,1915
Yasunari Kawabata,Nobel Prize in Literature,1968,Japan,1899
Jaroslav Seifert,Nobel Prize in Literature,1984,Czech,1901
Nadine Gordimer,Nobel Prize in Literature,1991,South Africa,1923
Annie Ernaux,Nobel Prize in Literature,2022,France,1940
Olga Tokarczuk,Nobel Prize in Literature,null,Poland,1962
Louise Glück,Nobel Prize in Literature,2020,United States,1943
Eugenio Montale,Nobel Prize in Literature,1975,Italy,1896
Elias Canetti,Nobel Prize in Literature,1981,Bulgaria,1905
Abdulrazak Gurnah,Nobel Prize in Literature,2021,Tanzania,1948
Halldór Laxness,Nobel Prize in Literature,null,Iceland,1902
Richard R. Schrock,Nobel Prize in Chemistry,2005,United States,1945
John Kendrew,Nobel Prize in Chemistry,1962,English,1917
Charles J. Pedersen,Nobel Prize in Chemistry,1987,United States,1904
John B. Goodenough,Nobel Prize in Chemistry,2019,United States,1922
William E. Moerner,Nobel Prize in Chemistry,2014,United States,1953
Richard Henderson ,Nobel Prize in Chemistry,2017,British,1945
Nikolay Semyonov,Nobel Prize in Chemistry,1956,Russian,1896
Linus Pauling,Nobel Prize in Chemistry,1954,United States,1901
Linus Pauling,Nobel Prize in Chemistry,1962,United States,1901
Michael Levitt,Nobel Prize in Chemistry,null,Israel,1947
Michael Levitt,Nobel Prize in Chemistry,null,United States,1947
Michael Levitt,Nobel Prize in Chemistry,null,South Africa,1947
Morten P. Meldal,Nobel Prize in Chemistry,2022,Denmark,1954
Richard Smalley,Nobel Prize in Chemistry,1996,United States,1943
George Smith ,Nobel Prize in Chemistry,2018,United States,1941
Carolyn Bertozzi,Nobel Prize in Chemistry,2022,United States,1966
Wilhelm Ostwald,Nobel Prize in Chemistry,1909,Germany,1853
Carl Bosch,Nobel Prize in Chemistry,1931,German,1874
Friedrich Bergius,Nobel Prize in Chemistry,1931,Germany,1884
George de Hevesy,Nobel Prize in Chemistry,1943,Sweden,1885
George de Hevesy,Nobel Prize in Chemistry,1943,Hungary,1885
Hartmut Michel,Nobel Prize in Chemistry,1988,Germany,1948
Richard Kuhn,Nobel Prize in Chemistry,1938,Austrian,1900
Christian B. Anfinsen,Nobel Prize in Chemistry,1972,United States,1916
Henri Moissan,Nobel Prize in Chemistry,1906,France,1852
Jacobus Henricus van 't Hoff,Nobel Prize in Chemistry,1901,Dutch,1852
James B. Sumner,Nobel Prize in Chemistry,1946,United States,1887
Victor Grignard,Nobel Prize in Chemistry,1912,France,1871
William Standish Knowles,Nobel Prize in Chemistry,2001,United States,1917
Thomas Cech,Nobel Prize in Chemistry,1989,United States,1947
Alexander R. Todd,Nobel Prize in Chemistry,1957,British,1907
Roderick MacKinnon,Nobel Prize in Chemistry,2003,United States,1956
Avram Hershko,Nobel Prize in Chemistry,2004,Israel,1937
Avram Hershko,Nobel Prize in Chemistry,2004,Hungary,1937
Roald Hoffmann,Nobel Prize in Chemistry,1981,United States,1937
Roger D. Kornberg,Nobel Prize in Chemistry,2006,United States,1947
Akira Yoshino,Nobel Prize in Chemistry,2019,Japan,1948
Kenichi Fukui,Nobel Prize in Chemistry,1981,Japan,1918
Yuan T. Lee,Nobel Prize in Chemistry,1986,Taiwan,1936
Stefan Hell,Nobel Prize in Chemistry,2014,Germany,1962
Stefan Hell,Nobel Prize in Chemistry,2014,Romania,1962
John Cornforth,Nobel Prize in Chemistry,1975,Australian,1917
Joachim Frank,Nobel Prize in Chemistry,2017,Germany,1940
Joachim Frank,Nobel Prize in Chemistry,2017,United States,1940
Eduard Buchner,Nobel Prize in Chemistry,1907,German,1860
Cyril Norman Hinshelwood,Nobel Prize in Chemistry,1956,British,1897
Otto Diels,Nobel Prize in Chemistry,1950,Germany,1876
Emil Fischer,Nobel Prize in Chemistry,1902,German,1852
Fritz Pregl,Nobel Prize in Chemistry,1923,Austria,1869
Hans von Euler-Chelpin,Nobel Prize in Chemistry,1929,Germany,1873
Hans von Euler-Chelpin,Nobel Prize in Chemistry,1929,Sweden,1873
Walter Kohn,Nobel Prize in Chemistry,1998,Austria,1923
Walter Kohn,Nobel Prize in Chemistry,1998,Canada,1923
Walter Kohn,Nobel Prize in Chemistry,1998,United States,1923
Frederick Soddy,Nobel Prize in Chemistry,1921,English,1877
George Porter,Nobel Prize in Chemistry,1967,British,1920
Martin Chalfie,Nobel Prize in Chemistry,2008,United States,1947
Donald J. Cram,Nobel Prize in Chemistry,1987,United States,1919
William Howard Stein,Nobel Prize in Chemistry,1972,United States,1911
Aaron Klug,Nobel Prize in Chemistry,1982,British,1926
Norman Haworth,Nobel Prize in Chemistry,1937,British,1883
Dudley R. Herschbach,Nobel Prize in Chemistry,1986,United States,1932
Tomas Lindahl,Nobel Prize in Chemistry,2015,Sweden,1938
Frances Arnold,Nobel Prize in Chemistry,2018,United States,1956
Arieh Warshel,Nobel Prize in Chemistry,2013,Israel,1940
Arieh Warshel,Nobel Prize in Chemistry,2013,United States,1940
Ben Feringa,Nobel Prize in Chemistry,2016,Dutch,1951
Adolf Butenandt,Nobel Prize in Chemistry,1939,Germany,1903
Archer Martin,Nobel Prize in Chemistry,1952,British,1910
Melvin Calvin,Nobel Prize in Chemistry,1961,United States,1911
Adolf Windaus,Nobel Prize in Chemistry,1928,Germany,1876
Karl Ziegler,Nobel Prize in Chemistry,1963,Germany,1898
Kurt Wüthrich,Nobel Prize in Chemistry,2002,Switzerland,1938
Frédéric Joliot-Curie,Nobel Prize in Chemistry,1935,France,1900
Odd Hassel,Nobel Prize in Chemistry,1969,Norwegian,1897
Irving Langmuir,Nobel Prize in Chemistry,1932,United States,1881
George Andrew Olah,Nobel Prize in Chemistry,1994,United States,1927
George Andrew Olah,Nobel Prize in Chemistry,1994,Hungary,1927
Theodore William Richards,Nobel Prize in Chemistry,1914,United States,1868
Willard Libby,Nobel Prize in Chemistry,1960,United States,1908
Aaron Ciechanover,Nobel Prize in Chemistry,2004,Israel,1947
Michael Smith ,Nobel Prize in Chemistry,1993,Canada,1932
Robert Bruce Merrifield,Nobel Prize in Chemistry,1984,United States,1921
Giulio Natta,Nobel Prize in Chemistry,1963,Italy,1903
Geoffrey Wilkinson,Nobel Prize in Chemistry,1973,English,1921
Jerome Karle,Nobel Prize in Chemistry,1985,United States,1918
Jean-Pierre Sauvage,Nobel Prize in Chemistry,2016,France,1944
John Polanyi,Nobel Prize in Chemistry,1986,Canada,1929
John Polanyi,Nobel Prize in Chemistry,1986,Germany,1929
John Polanyi,Nobel Prize in Chemistry,1986,Hungary,1929
Robert S. Mulliken,Nobel Prize in Chemistry,1966,United States,1896
Ada Yonath,Nobel Prize in Chemistry,2009,Israel,1939
Ernst Otto Fischer,Nobel Prize in Chemistry,1973,Germany,1918
Glenn T. Seaborg,Nobel Prize in Chemistry,1951,United States,1912
Robert Huber,Nobel Prize in Chemistry,1988,Germany,1937
Brian Kobilka,Nobel Prize in Chemistry,2012,United States,1955
Paul D. Boyer,Nobel Prize in Chemistry,1997,United States,1918
Benjamin List,Nobel Prize in Chemistry,2021,Germany,1968
Herbert A. Hauptman,Nobel Prize in Chemistry,1985,United States,1917
Koichi Tanaka,Nobel Prize in Chemistry,2002,Japan,1959
Robert Curl,Nobel Prize in Chemistry,1996,United States,1933
Wendell Meredith Stanley,Nobel Prize in Chemistry,1946,United States,1904
Richard R. Ernst,Nobel Prize in Chemistry,1991,Switzerland,1933
Ryōji Noyori,Nobel Prize in Chemistry,2001,Japan,1938
Yves Chauvin,Nobel Prize in Chemistry,2005,France,1930
Rudolph A. Marcus,Nobel Prize in Chemistry,1992,Canada,1923
Rudolph A. Marcus,Nobel Prize in Chemistry,1992,United States,1923
M. Stanley Whittingham,Nobel Prize in Chemistry,2019,United States,1941
Gregory Winter,Nobel Prize in Chemistry,2018,British,1951
Mario Molina,Nobel Prize in Chemistry,1995,United States,1943
Otto Wallach,Nobel Prize in Chemistry,1910,German,1847
Gerhard Ertl,Nobel Prize in Chemistry,2007,Germany,1936
Heinrich Otto Wieland,Nobel Prize in Chemistry,1927,German,1877
Kurt Alder,Nobel Prize in Chemistry,1950,Germany,1902
Svante Arrhenius,Nobel Prize in Chemistry,1903,Sweden,1859
Kenzaburō Ōe,Nobel Prize in Literature,1994,Japan,1935
Sigrid Undset,Nobel Prize in Literature,1928,Norwegian,1882
Gao Xingjian,Nobel Prize in Literature,2000,China,1940
Gao Xingjian,Nobel Prize in Literature,2000,France,1940
Theodor Mommsen,Nobel Prize in Literature,1902,Denmark,1817
Boris Pasternak,Nobel Prize in Literature,1958,Russian,1890
Frédéric Mistral,Nobel Prize in Literature,1904,France,1830
Giosuè Carducci,Nobel Prize in Literature,1906,Italian,1835
Romain Rolland,Nobel Prize in Literature,1915,France,1866
Nelly Sachs,Nobel Prize in Literature,1966,Germany,1891
Nelly Sachs,Nobel Prize in Literature,1966,Sweden,1891
Salvatore Quasimodo,Nobel Prize in Literature,1959,Italy,1901
Władysław Reymont,Nobel Prize in Literature,1924,Polish,1867
José Echegaray,Nobel Prize in Literature,1904,Spain,1832
Karl Adolph Gjellerup,Nobel Prize in Literature,1917,Denmark,1857
Svetlana Alexievich,Nobel Prize in Literature,2015,Belarus,1948
Peter Handke,Nobel Prize in Literature,2019,Austria,1942
Octavio Paz,Nobel Prize in Literature,1990,Mexican,1914
Imre Kertész,Nobel Prize in Literature,2002,Hungary,1929
Bjørnstjerne Bjørnson,Nobel Prize in Literature,1903,Norwegian,1832
Shmuel Yosef Agnon,Nobel Prize in Literature,1966,Israel,1887
Mikhail Sholokhov,Nobel Prize in Literature,1965,Russian,1905
Gabriela Mistral,Nobel Prize in Literature,1945,Chile,1889
Saint-John Perse,Nobel Prize in Literature,1960,France,1887
Odysseas Elytis,Nobel Prize in Literature,1979,Greece,1911
Carl Spitteler,Nobel Prize in Literature,1919,Switzerland,1845
Miguel Ángel Asturias,Nobel Prize in Literature,1967,Guatemala,1899
Giorgos Seferis,Nobel Prize in Literature,1963,Greece,1900
Juan Ramón Jiménez,Nobel Prize in Literature,1956,Spain,1881
Johannes V. Jensen,Nobel Prize in Literature,null,Denmark,1873
Sully Prudhomme,Nobel Prize in Literature,1901,France,1839
Rudolf Christoph Eucken,Nobel Prize in Literature,1908,German,1846
Claude Simon,Nobel Prize in Literature,1985,France,1913
Vicente Aleixandre,Nobel Prize in Literature,1977,Spain,1898
Erwin Schrödinger,Nobel Prize in Physics,1933,Austria,1887
Erwin Schrödinger,Nobel Prize in Physics,1933,Germany,1887
Marie Curie,Nobel Prize in Physics,1903,France,1867
Marie Curie,Nobel Prize in Physics,1903,Poland,1867
Marie Curie,Nobel Prize in Physics,1911,France,1867
Marie Curie,Nobel Prize in Physics,1911,Poland,1867
Pierre Curie,Nobel Prize in Physics,1903,France,1859
Charles K. Kao,Nobel Prize in Physics,2009,United States,1933
Abdus Salam,Nobel Prize in Physics,1979,Pakistan,1926
Albert Einstein,Nobel Prize in Physics,1921,Germany,1879
Albert Einstein,Nobel Prize in Physics,1921,Switzerland,1879
Albert Einstein,Nobel Prize in Physics,1921,United States,1879
Rudolf Mössbauer,Nobel Prize in Physics,1961,Germany,1929
J. J. Thomson,Nobel Prize in Physics,1906,English,1856
Max Born,Nobel Prize in Physics,1954,German,1882
Max von Laue,Nobel Prize in Physics,1914,Germany,1879
Hans Georg Dehmelt,Nobel Prize in Physics,1989,Germany,1922
Hans Georg Dehmelt,Nobel Prize in Physics,1989,United States,1922
J. Hans D. Jensen,Nobel Prize in Physics,1963,German,1907
Werner Heisenberg,Nobel Prize in Physics,1932,German,1901
Willard Boyle,Nobel Prize in Physics,2009,Canada,1924
Willard Boyle,Nobel Prize in Physics,2009,United States,1924
Klaus Hasselmann,Nobel Prize in Physics,2021,Germany,1931
Saul Perlmutter,Nobel Prize in Physics,2011,United States,1959
Charles Édouard Guillaume,Nobel Prize in Physics,1920,France,1861
Charles Édouard Guillaume,Nobel Prize in Physics,1920,Switzerland,1861
Albert A. Michelson,Nobel Prize in Physics,1907,United States,1852
Eugene Wigner,Nobel Prize in Physics,1963,United States,1902
Eugene Wigner,Nobel Prize in Physics,1963,Hungary,1902
Louis Néel,Nobel Prize in Physics,1970,France,1904
Russell Alan Hulse,Nobel Prize in Physics,1993,United States,1950
Carl David Anderson,Nobel Prize in Physics,1936,United States,1905
William Shockley,Nobel Prize in Physics,1956,United States,1910
Pyotr Kapitsa,Nobel Prize in Physics,1978,Soviet,1894
Edward Mills Purcell,Nobel Prize in Physics,1952,United States,1912
Walter Houser Brattain,Nobel Prize in Physics,1956,United States,1902
Frits Zernike,Nobel Prize in Physics,1953,Dutch,1888
Jerome Isaac Friedman,Nobel Prize in Physics,1990,United States,1930
Ilya Frank,Nobel Prize in Physics,1958,Soviet,1908
Kai Siegbahn,Nobel Prize in Physics,1981,Sweden,1918
Kenneth G. Wilson,Nobel Prize in Physics,1982,United States,1936
Peter Higgs,Nobel Prize in Physics,2013,British,1929
John L. Hall,Nobel Prize in Physics,2005,United States,1934
Arthur B. McDonald,Nobel Prize in Physics,2015,Canada,1943
Roger Penrose,Nobel Prize in Physics,2020,English,1931
Richard Feynman,Nobel Prize in Physics,1965,United States,1918
Sheldon Cooper,Nobel Prize in Physics,2024,United States,1980
Leon Cooper,Nobel Prize in Physics,1972,United States,1930
John Bardeen,Nobel Prize in Physics,1956,United States,1908
John Bardeen,Nobel Prize in Physics,1972,United States,1908
Paul Dirac,Nobel Prize in Physics,1933,English,1902
Barry Barish,Nobel Prize in Physics,2017,United States,1936
Max Planck,Nobel Prize in Physics,1918,German,1858
Hendrik Lorentz,Nobel Prize in Physics,1902,Dutch,1853
Johannes Stark,Nobel Prize in Physics,1919,Germany,1874
Karl Ferdinand Braun,Nobel Prize in Physics,1909,German,1850
Philipp Lenard,Nobel Prize in Physics,1905,Germany,1862
Wolfgang Ketterle,Nobel Prize in Physics,2001,Germany,1957
Aage Bohr,Nobel Prize in Physics,1975,Danish,1922
David Gross,Nobel Prize in Physics,2004,United States,1941
Frank Wilczek,Nobel Prize in Physics,2004,United States,1951
Hugh David Politzer,Nobel Prize in Physics,2004,United States,1949
Niels Bohr,Nobel Prize in Physics,1922,Danish,1885
Vitaly Ginzburg,Nobel Prize in Physics,2003,Russia,1916
Robert Hofstadter,Nobel Prize in Physics,1961,United States,1915
Hans Bethe,Nobel Prize in Physics,1967,United States,1906
Owen Willans Richardson,Nobel Prize in Physics,1928,English,1879
Emilio Segrè,Nobel Prize in Physics,1959,Italy,1905
Emilio Segrè,Nobel Prize in Physics,1959,United States,1905
George Smoot,Nobel Prize in Physics,2006,United States,1945
Jack Kilby,Nobel Prize in Physics,2000,United States,1923
Gerard 't Hooft,Nobel Prize in Physics,1999,Dutch,1946
Martinus J. G. Veltman,Nobel Prize in Physics,1999,Dutch,1931
Nicolaas Bloembergen,Nobel Prize in Physics,1981,United States,1920
Robert Coleman Richardson,Nobel Prize in Physics,1996,United States,1937
Samuel C. C. Ting,Nobel Prize in Physics,1976,United States,1936
Brian Schmidt,Nobel Prize in Physics,2011,United States,1967
Daniel C. Tsui,Nobel Prize in Physics,1998,United States,1939
Richard E. Taylor,Nobel Prize in Physics,1990,Canada,1929
Val Logsdon Fitch,Nobel Prize in Physics,1980,United States,1923
Steven Weinberg,Nobel Prize in Physics,1979,United States,1933
Jim Peebles,Nobel Prize in Physics,2019,Canada,1935
Jim Peebles,Nobel Prize in Physics,2019,United States,1935
Maria Goeppert Mayer,Nobel Prize in Physics,1963,Germany,1906
Maria Goeppert Mayer,Nobel Prize in Physics,1963,United States,1906
Lev Landau,Nobel Prize in Physics,1962,Soviet,1908
Kip Thorne,Nobel Prize in Physics,2017,United States,1940
Percy Williams Bridgman,Nobel Prize in Physics,1946,United States,1882
Martin Ryle,Nobel Prize in Physics,1974,English,1918
Enrico Fermi,Nobel Prize in Physics,1938,Italy,1901
Enrico Fermi,Nobel Prize in Physics,1938,United States,1901
Wilhelm Röntgen,Nobel Prize in Physics,1901,German,1845
Hannes Alfvén,Nobel Prize in Physics,1970,Sweden,1908
Wolfgang Paul,Nobel Prize in Physics,1989,Germany,1913
Heike Kamerlingh Onnes,Nobel Prize in Physics,1913,Dutch,1853
Johannes Diderik van der Waals,Nobel Prize in Physics,1910,Dutch,1837
Roy J. Glauber,Nobel Prize in Physics,2005,United States,1925
Herbert Kroemer,Nobel Prize in Physics,2000,Germany,1928
Herbert Kroemer,Nobel Prize in Physics,2000,United States,1928
Klaus von Klitzing,Nobel Prize in Physics,1985,Germany,1943
Andre Geim,Nobel Prize in Physics,2010,Russian,1958
Sheldon Glashow,Nobel Prize in Physics,1979,United States,1932
Simon van der Meer,Nobel Prize in Physics,1984,Dutch,1925
Robert Andrews Millikan,Nobel Prize in Physics,null,United States,1868
George Paget Thomson,Nobel Prize in Physics,1937,English,1892
Jean Baptiste Perrin,Nobel Prize in Physics,1926,France,1870
Lawrence Bragg,Nobel Prize in Physics,1915,British,1890
William Henry Bragg,Nobel Prize in Physics,1915,English,1862
François Englert,Nobel Prize in Physics,2013,Belgium,1932
Jack Steinberger,Nobel Prize in Physics,1988,Germany,1921
Jack Steinberger,Nobel Prize in Physics,1988,Switzerland,1921
Jack Steinberger,Nobel Prize in Physics,1988,United States,1921
Subrahmanyan Chandrasekhar,Nobel Prize in Physics,1983,United States,1910
Hideki Yukawa,Nobel Prize in Physics,1949,Japan,1907
Igor Tamm,Nobel Prize in Physics,1958,Soviet,1895
Masatoshi Koshiba,Nobel Prize in Physics,2002,Japan,1926
Shin'ichirō Tomonaga,Nobel Prize in Physics,1965,Japan,1906
Charles Thomson Rees Wilson,Nobel Prize in Physics,1927,Scottish,1869
Ernest Lawrence,Nobel Prize in Physics,null,United States,1901
Arno Allan Penzias,Nobel Prize in Physics,1978,United States,1933
Burton Richter,Nobel Prize in Physics,1976,United States,1931
Pierre-Gilles de Gennes,Nobel Prize in Physics,1991,France,1932
Arthur Ashkin,Nobel Prize in Physics,2018,United States,1922
Rainer Weiss,Nobel Prize in Physics,2017,United States,1932
Alexander Prokhorov,Nobel Prize in Physics,1964,Russia,1916
Georges Charpak,Nobel Prize in Physics,1992,France,1924
Georges Charpak,Nobel Prize in Physics,1992,Poland,1924
C. V. Raman,Nobel Prize in Physics,1930,India,1888
Melvin Schwartz,Nobel Prize in Physics,1988,United States,1932
William Alfred Fowler,Nobel Prize in Physics,1983,United States,1911
Wilhelm Wien,Nobel Prize in Physics,1911,Germany,1864
John Cockcroft,Nobel Prize in Physics,1951,English,1897
Pavel Cherenkov,Nobel Prize in Physics,1958,Russian,1904
J. Michael Kosterlitz,Nobel Prize in Physics,2016,United States,1943
Louis de Broglie,Nobel Prize in Physics,1929,France,1892
Clinton Davisson,Nobel Prize in Physics,1937,United States,1881
Gabriel Lippmann,Nobel Prize in Physics,1908,France,1845
Charles Glover Barkla,Nobel Prize in Physics,1917,English,1877
Isidor Isaac Rabi,Nobel Prize in Physics,1944,United States,1898
Luis Walter Alvarez,Nobel Prize in Physics,1968,United States,1911
Ernest Walton,Nobel Prize in Physics,1951,Republic of Ireland,1903
Polykarp Kusch,Nobel Prize in Physics,1955,United States,1911
Zhores Alferov,Nobel Prize in Physics,2000,Russia,1930
Claude Cohen-Tannoudji,Nobel Prize in Physics,1997,France,1933
James Cronin,Nobel Prize in Physics,1980,United States,1931
Makoto Kobayashi ,Nobel Prize in Physics,2008,Japan,1944
Eric Allin Cornell,Nobel Prize in Physics,2001,United States,1961
Gérard Mourou,Nobel Prize in Physics,2018,France,1944
Gérard Mourou,Nobel Prize in Physics,2018,United States,1944
David J. Thouless,Nobel Prize in Physics,2016,United States,1934
Charles H. Townes,Nobel Prize in Physics,1964,United States,1915
Nevill Francis Mott,Nobel Prize in Physics,1977,British,1905
Syukuro Manabe,Nobel Prize in Physics,2021,Japan,1931
Syukuro Manabe,Nobel Prize in Physics,2021,United States,1931
Robert B. Laughlin,Nobel Prize in Physics,1998,United States,1950
David J. Wineland,Nobel Prize in Physics,2012,United States,1944
Gustav Ludwig Hertz,Nobel Prize in Physics,1925,German,1887
Adam Riess,Nobel Prize in Physics,2011,United States,1969
Norman Foster Ramsey Jr.,Nobel Prize in Physics,1989,United States,1915
K. Alex Müller,Nobel Prize in Physics,1987,Switzerland,1927
Michel Mayor,Nobel Prize in Physics,2019,Switzerland,1942
Albert Fert,Nobel Prize in Physics,2007,France,1938
Edward Victor Appleton,Nobel Prize in Physics,1947,English,1892
John Robert Schrieffer,Nobel Prize in Physics,1972,United States,1931
Murray Gell-Mann,Nobel Prize in Physics,1969,United States,1929
Raymond Davis Jr.,Nobel Prize in Physics,2002,United States,1914
Robert Woodrow Wilson,Nobel Prize in Physics,1978,United States,1936
Steven Chu,Nobel Prize in Physics,1997,United States,1948
Brian Josephson,Nobel Prize in Physics,1973,British,1940
C. F. Powell,Nobel Prize in Physics,1950,English,1903
Leo Esaki,Nobel Prize in Physics,1973,Japan,1925
Antony Hewish,Nobel Prize in Physics,1974,British,1924
Henry Way Kendall,Nobel Prize in Physics,1990,United States,1926
Owen Chamberlain,Nobel Prize in Physics,1959,United States,1920
Riccardo Giacconi,Nobel Prize in Physics,2002,Italy,1931
Riccardo Giacconi,Nobel Prize in Physics,2002,United States,1931
Ivar Giaever,Nobel Prize in Physics,1973,United States,1929
Gustaf Dalén,Nobel Prize in Physics,1912,Sweden,1869
Isamu Akasaki,Nobel Prize in Physics,2014,Japan,1929
Philip W. Anderson,Nobel Prize in Physics,1977,United States,1923
Takaaki Kajita,Nobel Prize in Physics,2015,Japan,1959
Donna Strickland,Nobel Prize in Physics,2018,Canada,1959
James Franck,Nobel Prize in Physics,1925,United States,1882
Otto Stern,Nobel Prize in Physics,1943,Germany,1888
Otto Stern,Nobel Prize in Physics,1943,United States,1888
Alfred Kastler,Nobel Prize in Physics,1966,France,1902
Anton Zeilinger,Nobel Prize in Physics,2022,Austria,1945
Ernst Ruska,Nobel Prize in Physics,1986,Germany,1906
Georg Bednorz,Nobel Prize in Physics,1987,Germany,1950
James Chadwick,Nobel Prize in Physics,1935,English,1891
Nikolay Basov,Nobel Prize in Physics,1964,Russia,1922
Ben Roy Mottelson,Nobel Prize in Physics,1975,Denmark,1926
Ben Roy Mottelson,Nobel Prize in Physics,1975,United States,1926
Serge Haroche,Nobel Prize in Physics,2012,France,1944
Heinrich Rohrer,Nobel Prize in Physics,1986,Switzerland,1933
Alexei Abrikosov ,Nobel Prize in Physics,2003,Russia,1928
Alexei Abrikosov ,Nobel Prize in Physics,2003,United States,1928
Tsung-Dao Lee,Nobel Prize in Physics,1957,United States,1926
Tsung-Dao Lee,Nobel Prize in Physics,1957,Taiwan,1926
Willis Lamb,Nobel Prize in Physics,1955,United States,1913
Yang Chen-Ning,Nobel Prize in Physics,1957,China,1922
Yang Chen-Ning,Nobel Prize in Physics,1957,United States,1922
Yang Chen-Ning,Nobel Prize in Physics,1957,Taiwan,1922
Anthony James Leggett,Nobel Prize in Physics,2003,United States,1938
Arthur Leonard Schawlow,Nobel Prize in Physics,1981,United States,1921
Bertram Brockhouse,Nobel Prize in Physics,1994,Canada,1918
James Rainwater,Nobel Prize in Physics,1975,United States,1917
David Lee ,Nobel Prize in Physics,1996,United States,1931
George E. Smith,Nobel Prize in Physics,2009,United States,1930
Andrea M. Ghez,Nobel Prize in Physics,2020,United States,1965
Duncan Haldane,Nobel Prize in Physics,2016,Slovenia,1951
Guglielmo Marconi,Nobel Prize in Physics,1909,Italian,1874
Arthur Compton,Nobel Prize in Physics,1927,United States,1892
Henri Becquerel,Nobel Prize in Physics,1903,France,1852
Peter Grünberg,Nobel Prize in Physics,2007,Germany,1939
Reinhard Genzel,Nobel Prize in Physics,2020,Germany,1952
Horst Ludwig Störmer,Nobel Prize in Physics,1998,Germany,1949
Pieter Zeeman,Nobel Prize in Physics,1902,Dutch,1865
Donald A. Glaser,Nobel Prize in Physics,1960,United States,1926
Felix Bloch,Nobel Prize in Physics,1952,Switzerland,1905
Felix Bloch,Nobel Prize in Physics,1952,United States,1905
Patrick Blackett,Nobel Prize in Physics,1948,English,1897
Yoichiro Nambu,Nobel Prize in Physics,2008,Japan,1921
Yoichiro Nambu,Nobel Prize in Physics,2008,United States,1921
John Hasbrouck Van Vleck,Nobel Prize in Physics,1977,United States,1899
Leon M. Lederman,Nobel Prize in Physics,1988,United States,1922
Carl Wieman,Nobel Prize in Physics,2001,United States,1951
Douglas Osheroff,Nobel Prize in Physics,1996,United States,1945
Theodor W. Hänsch,Nobel Prize in Physics,2005,Germany,1941
Theodor W. Hänsch,Nobel Prize in Physics,2005,United States,1941
Toshihide Maskawa,Nobel Prize in Physics,2008,Japan,1940
Alain Aspect,Nobel Prize in Physics,2022,France,1947
Shuji Nakamura,Nobel Prize in Physics,2014,Japan,1954
Shuji Nakamura,Nobel Prize in Physics,2014,United States,1954
Hiroshi Amano,Nobel Prize in Physics,2014,Japan,1960
Wolfgang Pauli,Nobel Prize in Physics,1945,Austria,1900
Wolfgang Pauli,Nobel Prize in Physics,1945,Switzerland,1900
Wolfgang Pauli,Nobel Prize in Physics,1945,United States,1900
Gerd Binnig,Nobel Prize in Physics,1986,Germany,1947
Victor Francis Hess,Nobel Prize in Physics,1936,Austria,1883
Victor Francis Hess,Nobel Prize in Physics,1936,United States,1883
Walther Bothe,Nobel Prize in Physics,1954,Germany,1891
"John William Strutt, 3rd Baron Rayleigh",Nobel Prize in Physics,1904,English,1842
John C. Mather,Nobel Prize in Physics,1989,United States,1946
Konstantin Novoselov,Nobel Prize in Physics,2010,Russia,1974
Martin Lewis Perl,Nobel Prize in Physics,1995,United States,1927
Didier P. Queloz,Nobel Prize in Physics,2019,Switzerland,1966
Dennis Gabor,Nobel Prize in Physics,1971,Hungary,1900
Manne Siegbahn,Nobel Prize in Physics,1924,Sweden,1886
Carlo Rubbia,Nobel Prize in Physics,1984,Italy,1934
Julian Schwinger,Nobel Prize in Physics,1965,United States,1918
Frederick Reines,Nobel Prize in Physics,1995,United States,1918
William Daniel Phillips,Nobel Prize in Physics,1997,United States,1948
Clifford Shull,Nobel Prize in Physics,1994,United States,1915
Giorgio Parisi,Nobel Prize in Physics,2021,Italy,1948
John Clauser,Nobel Prize in Physics,2022,United States,1942
Carol W. Greider,Nobel Prize in Physiology or Medicine,2009,United States,1961
Alexander Fleming,Nobel Prize in Physiology or Medicine,1945,Scottish,1881
Robert Koch,Nobel Prize in Physiology or Medicine,1905,German,1843
Ivan Pavlov,Nobel Prize in Physiology or Medicine,1904,Russian,1849
Ernst Chain,Nobel Prize in Physiology or Medicine,1945,Germany,1906
Otto Heinrich Warburg,Nobel Prize in Physiology or Medicine,1931,German,1883
Emil von Behring,Nobel Prize in Physiology or Medicine,1901,German,1854
Erwin Neher,Nobel Prize in Physiology or Medicine,1991,Germany,1944
Fritz Albert Lipmann,Nobel Prize in Physiology or Medicine,1953,Germany,1899
Fritz Albert Lipmann,Nobel Prize in Physiology or Medicine,1953,United States,1899
Christiaan Eijkman,Nobel Prize in Physiology or Medicine,1929,Dutch,1858
Jack W. Szostak,Nobel Prize in Physiology or Medicine,2009,Canada,1952
Jack W. Szostak,Nobel Prize in Physiology or Medicine,2009,United States,1952
César Milstein,Nobel Prize in Physiology or Medicine,1984,Argentina,1927
Alexis Carrel,Nobel Prize in Physiology or Medicine,1912,France,1873
Jules Bordet,Nobel Prize in Physiology or Medicine,1919,Belgium,1870
Richard Axel,Nobel Prize in Physiology or Medicine,2004,United States,1946
George Emil Palade,Nobel Prize in Physiology or Medicine,1974,United States,1912
George Emil Palade,Nobel Prize in Physiology or Medicine,1974,Romania,1912
Edward Adelbert Doisy,Nobel Prize in Physiology or Medicine,1943,United States,1893
George Beadle,Nobel Prize in Physiology or Medicine,1958,United States,1903
Stanley Cohen ,Nobel Prize in Physiology or Medicine,1986,United States,1922
Roger Guillemin,Nobel Prize in Physiology or Medicine,1977,France,1924
Roger Guillemin,Nobel Prize in Physiology or Medicine,1977,United States,1924
André Frédéric Cournand,Nobel Prize in Physiology or Medicine,1956,France,1895
André Frédéric Cournand,Nobel Prize in Physiology or Medicine,1956,United States,1895
Edward B. Lewis,Nobel Prize in Physiology or Medicine,1995,United States,1918
H. Robert Horvitz,Nobel Prize in Physiology or Medicine,2002,United States,1947
George H. Hitchings,Nobel Prize in Physiology or Medicine,1988,United States,1905
Niels Kaj Jerne,Nobel Prize in Physiology or Medicine,1984,Denmark,1911
Phillip Allen Sharp,Nobel Prize in Physiology or Medicine,1993,United States,1944
William Kaelin Jr.,Nobel Prize in Physiology or Medicine,2019,United States,1957
Paul Hermann Müller,Nobel Prize in Physiology or Medicine,1948,Switzerland,1899
Santiago Ramón y Cajal,Nobel Prize in Physiology or Medicine,1906,Spain,1852
Jacques Monod,Nobel Prize in Physiology or Medicine,1965,France,1910
August Krogh,Nobel Prize in Physiology or Medicine,1920,Denmark,1874
Elizabeth Blackburn,Nobel Prize in Physiology or Medicine,2009,United States,1948
Severo Ochoa,Nobel Prize in Physiology or Medicine,1959,Spain,1905
Severo Ochoa,Nobel Prize in Physiology or Medicine,1959,United States,1905
Svante Pääbo,Nobel Prize in Physiology or Medicine,2022,Sweden,1955
Linda B. Buck,Nobel Prize in Physiology or Medicine,2004,United States,1947
Bernard Katz,Nobel Prize in Physiology or Medicine,1970,Germany,1911
Feodor Lynen,Nobel Prize in Physiology or Medicine,1964,Germany,1911
Bert Sakmann,Nobel Prize in Physiology or Medicine,1991,Germany,1942
Carl Ferdinand Cori,Nobel Prize in Physiology or Medicine,1947,United States,1896
Gerty Cori,Nobel Prize in Physiology or Medicine,1947,United States,1896
Julius Wagner-Jauregg,Nobel Prize in Physiology or Medicine,1927,Austria,1857
Otto Loewi,Nobel Prize in Physiology or Medicine,1936,Austria,1873
Otto Loewi,Nobel Prize in Physiology or Medicine,1936,Germany,1873
Otto Loewi,Nobel Prize in Physiology or Medicine,1936,United States,1873
Edmond H. Fischer,Nobel Prize in Physiology or Medicine,1992,Italy,1920
Edmond H. Fischer,Nobel Prize in Physiology or Medicine,1992,Switzerland,1920
Edmond H. Fischer,Nobel Prize in Physiology or Medicine,1992,United States,1920
Françoise Barré-Sinoussi,Nobel Prize in Physiology or Medicine,2008,France,1947
Hamilton O. Smith,Nobel Prize in Physiology or Medicine,1978,United States,1931
Walter Rudolf Hess,Nobel Prize in Physiology or Medicine,1949,Switzerland,1881
Werner Arber,Nobel Prize in Physiology or Medicine,1978,Switzerland,1929
Andrew Schally,Nobel Prize in Physiology or Medicine,1977,United States,1926
Henrik Dam,Nobel Prize in Physiology or Medicine,1943,Denmark,1895
Allvar Gullstrand,Nobel Prize in Physiology or Medicine,1911,Sweden,1862
André Michel Lwoff,Nobel Prize in Physiology or Medicine,1965,France,1902
Baruj Benacerraf,Nobel Prize in Physiology or Medicine,1980,United States,1920
Baruj Benacerraf,Nobel Prize in Physiology or Medicine,1980,Venezuela,1920
Bernardo Houssay,Nobel Prize in Physiology or Medicine,1947,Argentina,1887
Sydney Brenner,Nobel Prize in Physiology or Medicine,2002,South Africa,1927
Joseph Erlanger,Nobel Prize in Physiology or Medicine,1944,United States,1874
Charles Scott Sherrington,Nobel Prize in Physiology or Medicine,1932,United States,1857
George Whipple,Nobel Prize in Physiology or Medicine,1934,United States,1878
John Eccles ,Nobel Prize in Physiology or Medicine,1963,Australian,1903
Arvid Carlsson,Nobel Prize in Physiology or Medicine,2000,Sweden,1923
Daniel Nathans,Nobel Prize in Physiology or Medicine,1978,United States,1928
Frederick Chapman Robbins,Nobel Prize in Physiology or Medicine,1954,United States,1916
Paul Greengard,Nobel Prize in Physiology or Medicine,2000,United States,1925
Thomas Huckle Weller,Nobel Prize in Physiology or Medicine,1954,United States,1915
Tu Youyou,Nobel Prize in Physiology or Medicine,2015,China,1930
John O'Keefe ,Nobel Prize in Physiology or Medicine,2014,United States,1939
Peter J. Ratcliffe,Nobel Prize in Physiology or Medicine,2019,British,1954
Tasuku Honjo,Nobel Prize in Physiology or Medicine,2018,Japan,1942
Gerald Edelman,Nobel Prize in Physiology or Medicine,1972,United States,1929
Edvard Moser,Nobel Prize in Physiology or Medicine,2014,Norwegian,1962
May-Britt Moser,Nobel Prize in Physiology or Medicine,2014,Norwegian,1963
Yoshinori Ohsumi,Nobel Prize in Physiology or Medicine,2016,Japan,1945
Edgar Adrian,Nobel Prize in Physiology or Medicine,1932,English,1889
Nikolaas Tinbergen,Nobel Prize in Physiology or Medicine,1973,Dutch,1907
Archibald Hill,Nobel Prize in Physiology or Medicine,1922,British,1886
Hermann Joseph Muller,Nobel Prize in Physiology or Medicine,1946,United States,1890
Charles M. Rice,Nobel Prize in Physiology or Medicine,2020,United States,1952
Ardem Patapoutian,Nobel Prize in Physiology or Medicine,2021,United States,1967
Max Delbrück,Nobel Prize in Physiology or Medicine,1969,Germany,1906
Max Delbrück,Nobel Prize in Physiology or Medicine,1969,United States,1906
Marshall Warren Nirenberg,Nobel Prize in Physiology or Medicine,1968,United States,1927
Ralph M. Steinman,Nobel Prize in Physiology or Medicine,2011,Canada,1943
Ralph M. Steinman,Nobel Prize in Physiology or Medicine,2011,United States,1943
Renato Dulbecco,Nobel Prize in Physiology or Medicine,1975,Italy,1914
Renato Dulbecco,Nobel Prize in Physiology or Medicine,1975,United States,1914
Robert F. Furchgott,Nobel Prize in Physiology or Medicine,1998,United States,1916
Susumu Tonegawa,Nobel Prize in Physiology or Medicine,1987,Japan,1939
Francis Crick,Nobel Prize in Physiology or Medicine,1962,English,1916
Howard Florey,Nobel Prize in Physiology or Medicine,1945,Australian,1898
Camillo Golgi,Nobel Prize in Physiology or Medicine,1906,Italian,1843
Corneille Heymans,Nobel Prize in Physiology or Medicine,1938,Belgium,1892
Niels Ryberg Finsen,Nobel Prize in Physiology or Medicine,1903,Denmark,1860
Martin Evans,Nobel Prize in Physiology or Medicine,2007,English,1941
Charles Nicolle,Nobel Prize in Physiology or Medicine,1928,France,1866
Philip Showalter Hench,Nobel Prize in Physiology or Medicine,1950,United States,1896
John Sulston,Nobel Prize in Physiology or Medicine,2002,British,1942
Eric F. Wieschaus,Nobel Prize in Physiology or Medicine,1995,United States,1947
George Davis Snell,Nobel Prize in Physiology or Medicine,1980,United States,1903
George Wald,Nobel Prize in Physiology or Medicine,1967,United States,1906
Sune Bergström,Nobel Prize in Physiology or Medicine,1982,Sweden,1916
Haldan Keffer Hartline,Nobel Prize in Physiology or Medicine,1967,United States,1903
John Vane,Nobel Prize in Physiology or Medicine,1982,British,1927
Konrad Lorenz,Nobel Prize in Physiology or Medicine,1973,Austria,1903
Arthur Kornberg,Nobel Prize in Physiology or Medicine,1959,United States,1918
Peter Medawar,Nobel Prize in Physiology or Medicine,1960,United States,1915
Eric Kandel,Nobel Prize in Physiology or Medicine,2000,Austria,1929
Eric Kandel,Nobel Prize in Physiology or Medicine,2000,United States,1929
David H. Hubel,Nobel Prize in Physiology or Medicine,1981,Canada,1926
David H. Hubel,Nobel Prize in Physiology or Medicine,1981,United States,1926
Rita Levi-Montalcini,Nobel Prize in Physiology or Medicine,1986,Italy,1909
Rita Levi-Montalcini,Nobel Prize in Physiology or Medicine,1986,United States,1909
Max Theiler,Nobel Prize in Physiology or Medicine,1951,United States,1899
Max Theiler,Nobel Prize in Physiology or Medicine,1951,South Africa,1899
Gerhard Domagk,Nobel Prize in Physiology or Medicine,1939,Germany,1895
Gerhard Domagk,Nobel Prize in Physiology or Medicine,1947,Germany,1895
Günter Blobel,Nobel Prize in Physiology or Medicine,1999,Germany,1936
Günter Blobel,Nobel Prize in Physiology or Medicine,1999,United States,1936
Otto Fritz Meyerhof,Nobel Prize in Physiology or Medicine,1922,Germany,1884
Otto Fritz Meyerhof,Nobel Prize in Physiology or Medicine,1922,United States,1884
Henry Hallett Dale,Nobel Prize in Physiology or Medicine,1936,English,1875
Shinya Yamanaka,Nobel Prize in Physiology or Medicine,2012,Japan,1962
Karl Landsteiner,Nobel Prize in Physiology or Medicine,1930,United States,1868
Baruch Samuel Blumberg,Nobel Prize in Physiology or Medicine,1976,United States,1925
Daniel Carleton Gajdusek,Nobel Prize in Physiology or Medicine,1976,United States,1923
Jules A. Hoffmann,Nobel Prize in Physiology or Medicine,2011,France,1941
Emil Theodor Kocher,Nobel Prize in Physiology or Medicine,1909,Switzerland,1841
Charles Brenton Huggins,Nobel Prize in Physiology or Medicine,1966,Canada,1901
Charles Brenton Huggins,Nobel Prize in Physiology or Medicine,1966,United States,1901
Jean Dausset,Nobel Prize in Physiology or Medicine,1980,France,1916
Robin Warren,Nobel Prize in Physiology or Medicine,2005,Australian,1937
Mario Capecchi,Nobel Prize in Physiology or Medicine,2007,United States,1937
Joshua Lederberg,Nobel Prize in Physiology or Medicine,1958,United States,1925
Ragnar Granit,Nobel Prize in Physiology or Medicine,1967,Finland,1900
Ragnar Granit,Nobel Prize in Physiology or Medicine,1967,Sweden,1900
George Minot,Nobel Prize in Physiology or Medicine,1934,United States,1885
Howard Martin Temin,Nobel Prize in Physiology or Medicine,1975,United States,1934
Godfrey Hounsfield,Nobel Prize in Physiology or Medicine,1979,British,1919
Herbert Spencer Gasser,Nobel Prize in Physiology or Medicine,1944,United States,1888
Bengt I. Samuelsson,Nobel Prize in Physiology or Medicine,1982,Sweden,1934
Ferid Murad,Nobel Prize in Physiology or Medicine,1998,United States,1936
Francis Peyton Rous,Nobel Prize in Physiology or Medicine,1966,United States,1879
Dickinson W. Richards,Nobel Prize in Physiology or Medicine,1956,United States,1895
Michael Houghton ,Nobel Prize in Physiology or Medicine,2020,British,1949
Élie Metchnikoff,Nobel Prize in Physiology or Medicine,1908,France,1845
Richard J. Roberts,Nobel Prize in Physiology or Medicine,1993,British,1943
James P. Allison,Nobel Prize in Physiology or Medicine,2018,United States,1948
Thomas C. Südhof,Nobel Prize in Physiology or Medicine,2013,Germany,1955
Thomas C. Südhof,Nobel Prize in Physiology or Medicine,2013,United States,1955
Alan Hodgkin,Nobel Prize in Physiology or Medicine,1963,English,1914
Satoshi Ōmura,Nobel Prize in Physiology or Medicine,2015,Japan,1935
Luc Montagnier,Nobel Prize in Physiology or Medicine,2008,France,1932
Gertrude B. Elion,Nobel Prize in Physiology or Medicine,1988,United States,1918
Martin Rodbell,Nobel Prize in Physiology or Medicine,1994,United States,1925
Ulf von Euler,Nobel Prize in Physiology or Medicine,1970,Sweden,1905
Har Gobind Khorana,Nobel Prize in Physiology or Medicine,1968,United States,1922
Paul Lauterbur,Nobel Prize in Physiology or Medicine,2003,United States,1929
Ronald Ross,Nobel Prize in Physiology or Medicine,null,British,1857
Julius Axelrod,Nobel Prize in Physiology or Medicine,1970,Poland,1912
Julius Axelrod,Nobel Prize in Physiology or Medicine,1970,United States,1912
Tadeusz Reichstein,Nobel Prize in Physiology or Medicine,1950,Poland,1897
Tadeusz Reichstein,Nobel Prize in Physiology or Medicine,1950,Switzerland,1897
Thomas Hunt Morgan,Nobel Prize in Physiology or Medicine,null,United States,1866
Andrew Fire,Nobel Prize in Physiology or Medicine,2006,United States,1959
Charles Richet,Nobel Prize in Physiology or Medicine,1913,France,1850
Oliver Smithies,Nobel Prize in Physiology or Medicine,2007,United States,1925
Roger Wolcott Sperry,Nobel Prize in Physiology or Medicine,1981,United States,1913
Edward Tatum,Nobel Prize in Physiology or Medicine,1958,United States,1909
Harold E. Varmus,Nobel Prize in Physiology or Medicine,1989,United States,1939
Michael Stuart Brown,Nobel Prize in Physiology or Medicine,1985,United States,1941
Rodney Robert Porter,Nobel Prize in Physiology or Medicine,1972,British,1917
J. Michael Bishop,Nobel Prize in Physiology or Medicine,1989,United States,1936
John Franklin Enders,Nobel Prize in Physiology or Medicine,1954,United States,1897
Randy Schekman,Nobel Prize in Physiology or Medicine,2013,United States,1948
Michael Rosbash,Nobel Prize in Physiology or Medicine,2017,United States,1944
Jeffrey C. Hall,Nobel Prize in Physiology or Medicine,2017,United States,1945
Harvey J. Alter,Nobel Prize in Physiology or Medicine,2020,United States,1935
Tim Hunt,Nobel Prize in Physiology or Medicine,2001,British,1943
Robert Edwards ,Nobel Prize in Physiology or Medicine,2010,British,1925
Frederick Banting,Nobel Prize in Physiology or Medicine,1923,Canada,1891
Albrecht Kossel,Nobel Prize in Physiology or Medicine,1910,Germany,1853
Paul Ehrlich,Nobel Prize in Physiology or Medicine,1908,German,1854
Robert Bárány,Nobel Prize in Physiology or Medicine,1914,Austria,1876
Robert Bárány,Nobel Prize in Physiology or Medicine,1914,Sweden,1876
Andrew Huxley,Nobel Prize in Physiology or Medicine,1963,English,1917
Rosalyn Sussman Yalow,Nobel Prize in Physiology or Medicine,1977,United States,1921
Joseph Murray,Nobel Prize in Physiology or Medicine,1990,United States,1919
Macfarlane Burnet,Nobel Prize in Physiology or Medicine,1960,Australian,1899
Barbara McClintock,Nobel Prize in Physiology or Medicine,1983,United States,1902
Salvador Luria,Nobel Prize in Physiology or Medicine,1969,Italy,1912
Salvador Luria,Nobel Prize in Physiology or Medicine,1969,United States,1912
François Jacob,Nobel Prize in Physiology or Medicine,1965,France,1920
Georg von Békésy,Nobel Prize in Physiology or Medicine,1961,United States,1899
Georg von Békésy,Nobel Prize in Physiology or Medicine,1961,Hungary,1899
Peter Mansfield,Nobel Prize in Physiology or Medicine,2003,English,1933
Alfred G. Gilman,Nobel Prize in Physiology or Medicine,1994,United States,1941
Peter Doherty ,Nobel Prize in Physiology or Medicine,1996,Australian,1940
James Rothman,Nobel Prize in Physiology or Medicine,2013,United States,1950
William P. Murphy,Nobel Prize in Physiology or Medicine,1934,United States,1892
Daniel Bovet,Nobel Prize in Physiology or Medicine,1957,Italy,1907
Daniel Bovet,Nobel Prize in Physiology or Medicine,1957,Switzerland,1907
William C. Campbell ,Nobel Prize in Physiology or Medicine,2015,United States,1930
William C. Campbell ,Nobel Prize in Physiology or Medicine,2015,Republic of Ireland,1930
E. Donnall Thomas,Nobel Prize in Physiology or Medicine,1990,United States,1920
Hans Krebs ,Nobel Prize in Physiology or Medicine,1953,Germany,1900
Karl von Frisch,Nobel Prize in Physiology or Medicine,1973,Austria,1886
Earl Wilbur Sutherland Jr.,Nobel Prize in Physiology or Medicine,1971,United States,1915
Georges J. F. Köhler,Nobel Prize in Physiology or Medicine,1984,Germany,1946
Werner Forssmann,Nobel Prize in Physiology or Medicine,1956,German,1904
Bruce Beutler,Nobel Prize in Physiology or Medicine,2011,United States,1957
Edwin G. Krebs,Nobel Prize in Physiology or Medicine,1992,United States,1918
James Black ,Nobel Prize in Physiology or Medicine,1988,Scottish,1924
Hugo Theorell,Nobel Prize in Physiology or Medicine,1955,Sweden,1903
Stanley B. Prusiner,Nobel Prize in Physiology or Medicine,1997,United States,1942
Barry Marshall,Nobel Prize in Physiology or Medicine,2005,Australian,1951
Johannes Fibiger,Nobel Prize in Physiology or Medicine,1926,Denmark,1867
Johannes Fibiger,Nobel Prize in Physiology or Medicine,1927,Denmark,1867
Paul Nurse,Nobel Prize in Physiology or Medicine,2001,English,1949
Allan MacLeod Cormack,Nobel Prize in Physiology or Medicine,1979,United States,1924
Allan MacLeod Cormack,Nobel Prize in Physiology or Medicine,1979,South Africa,1924
David Baltimore,Nobel Prize in Physiology or Medicine,1975,United States,1938
Selman Waksman,Nobel Prize in Physiology or Medicine,1952,United States,1888
Leland H. Hartwell,Nobel Prize in Physiology or Medicine,2001,United States,1939
David Julius,Nobel Prize in Physiology or Medicine,2021,United States,1955
Michael W. Young,Nobel Prize in Physiology or Medicine,2017,United States,1949
James Watson,Nobel Prize in Physiology or Medicine,1962,United States,1928
John Gurdon,Nobel Prize in Physiology or Medicine,2012,British,1933
Konrad Emil Bloch,Nobel Prize in Physiology or Medicine,1964,Germany,1912
Konrad Emil Bloch,Nobel Prize in Physiology or Medicine,1964,United States,1912
Hans Spemann,Nobel Prize in Physiology or Medicine,1935,German,1869
Christiane Nüsslein-Volhard,Nobel Prize in Physiology or Medicine,1995,Germany,1942
Harald zur Hausen,Nobel Prize in Physiology or Medicine,2008,Germany,1936
Edward Calvin Kendall,Nobel Prize in Physiology or Medicine,1950,United States,1886
Robert W. Holley,Nobel Prize in Physiology or Medicine,1968,United States,1922
Rolf M. Zinkernagel,Nobel Prize in Physiology or Medicine,1996,Switzerland,1944
Albert Szent-Györgyi,Nobel Prize in Physiology or Medicine,1937,United States,1893
Albert Szent-Györgyi,Nobel Prize in Physiology or Medicine,1937,Hungary,1893
Charles Louis Alphonse Laveran,Nobel Prize in Physiology or Medicine,1907,France,1845
Maurice Wilkins,Nobel Prize in Physiology or Medicine,1962,New Zealand,1916
Willem Einthoven,Nobel Prize in Physiology or Medicine,1924,Dutch,1860
Craig Mello,Nobel Prize in Physiology or Medicine,2006,United States,1960
Albert Claude,Nobel Prize in Physiology or Medicine,1974,Belgium,1898
Albert Claude,Nobel Prize in Physiology or Medicine,1974,United States,1898
Christian de Duve,Nobel Prize in Physiology or Medicine,1974,Belgium,1917
Frederick Gowland Hopkins,Nobel Prize in Physiology or Medicine,1929,English,1861
John Macleod ,Nobel Prize in Physiology or Medicine,1923,Scottish,1876
Alfred Hershey,Nobel Prize in Physiology or Medicine,1969,United States,1908
António Egas Moniz,Nobel Prize in Physiology or Medicine,1949,Portugal,1874
Joseph L. Goldstein,Nobel Prize in Physiology or Medicine,1985,United States,1940
Louis Ignarro,Nobel Prize in Physiology or Medicine,1998,United States,1941
Gregg L. Semenza,Nobel Prize in Physiology or Medicine,2019,United States,1956
Svante Pääbo,2022 Nobel Prize in Physiology or Medicine,2022,Sweden,1955
