"island","country","province"
Aland,Alan,"650"
Alicudi,Lipa,"5.2"
Ambon,Molu,"775"
Ameland,West,"57.6"
Amrum,Nord,"20.5"
Anglesey,Brit,"715"
Anguilla,Less,"91"
Anjouan,Como,"424"
Antigua,Less,"281"
Arran,Inne,"430"
Aruba,Less,"193"
Aust-Vagoey,Lofo,"526"
Babelthuap,Caro,"8"
Baffin Island,Cana,"507451"
Bali,Sund,"5561"
Baltrum,Ostf,"6.5"
Bangka,Sund,"11942"
Banks Island,Cana,"70028"
Barbados,Less,"430"
Barbuda,Less,"161"
Barra,Oute,"91"
Basse-Terre,Less,"848"
Batam,Sund,"415"
Benbecula,Oute,"82"
Bohol,Phil,"4117"
Bonaire,Less,"288"
Borkum,Ostf,"31"
Borneo,Sund,"743122"
Bougainville,Solo,"8800"
Cayman Brac,Caym,"30"
Cebu,Phil,"5088"
Ceram,Molu,"17100"
Chios,Spor,"843"
Corvo,Azor,"17.5"
Cuba,Grea,"105806"
Curacao,Less,"444"
Dominica,Less,"746"
East Falkland,Falk,"6605"
Efate,Vanu,"900"
Ellesmere Island,Cana,"196236"
Faial,Azor,"172"
Filicudi,Lipa,"9.5"
Flores,Azor,"143"
Fogo,Cape,"476"
Fohr,Nord,"82"
Fongafale,Elli,"2.8"
Formentera,Bale,"83"
Fuerteventura,Cana,"1660"
Futuna,Futu,"64"
Gomera,Cana,"369"
Gozo,Malt,"67"
Graciosa,Azor,"61"
Gran Canaria,Cana,"1560"
Grand Bermuda,Berm,"53.3"
Grand Cayman,Caym,"197"
Grand Comoro,Como,"1148"
Grand Turk,Turk,"14"
Grande Terre,New ,"16372"
Grande-Terre,Less,"589"
Great Britain,Brit,"229850"
Grenada,Less,"344"
Guadalcanal,Solo,"5358"
Guam,Mari,"541"
Guernsey,Chan,"194"
Hawaii,Hawa,"10450"
Hierro,Cana,"268"
Hispaniola,Grea,"76192"
Hokkaido,Japa,"83456"
Honshu,Japa,"230500"
Hoy,Orkn,"143"
Ibiza,Bale,"572"
Ikaria,Spor,"255"
Ireland,Brit,"84421"
Isabela,Gala,"5436"
Islay,Inne,"619.6"
Isle of Man,Brit,"588"
Isle of Wight,Brit,"381"
Jamaica,Grea,"10991"
Java,Sund,"126650"
Jersey,Chan,"117"
Juist,Ostf,"16.4"
Jura,Inne,"367"
Kauai,Hawa,"1433"
Kavaratti,Lacc,"6"
Kefallinia,Ioni,"689"
Korfu,Ioni,"593"
Koror,Caro,"8"
Kos,Spor,"287"
Kyushu,Japa,"35640"
La Palma,Cana,"708"
Lanai,Hawa,"364"
Langeoog,Ostf,"20"
Lanzarote,Cana,"846"
Lefkas,Ioni,"293"
Lesbos,Spor,"1636"
Lewis and Harris,Oute,"2170"
Leyte,Phil,"7368"
Lipari,Lipa,"37.5"
Little Cayman,Caym,"20"
Lombok,Sund,"4725"
Luzon,Phil,"108172"
Madeira,Made,"794"
Mahe,Seyc,"154"
Majuro,Mars,"9.2"
Male,Mald,"2.74"
Mallorca,Bale,"3618"
Malta,Malt,"246"
Martinique,Less,"1128"
Maui,Hawa,"1883"
Mayotte,Como,"374"
Menorca,Bale,"760"
Mindanao,Phil,"95581"
Mindoro,Phil,"10244"
Mohilla,Como,"290"
Molokai,Hawa,"676"
Montserrat,Less,"102"
Mull,Inne,"910"
Negros,Phil,"13328"
Nevis,Less,"93"
New Providence,Baha,"207"
Niihau,Hawa,"178"
Norderney,Ostf,"26.3"
North Uist,Oute,"303"
Oahu,Hawa,"1557"
Okinawa,Japa,"2255"
Orkney Mainland,Orkn,"492"
Palawan,Phil,"11785"
Panarea,Lipa,"3.4"
Panay,Phil,"12297"
Paramuschir,Curi,"2042"
Pellworm,Nord,"37.4"
Pico,Azor,"442"
Pitcairn,Pitc,"4.5"
Ponape,Micr,"336"
Porto Santo,Made,"42"
Prince of Wales Island,Cana,"33339"
Puerto Rico,Grea,"8870"
Pulau Panjang,Coco,"6.23"
Rarotonga,Cook,"67"
Rhodos,Spor,"1401"
Rhum,Inne,"104"
Rota,Mari,"85"
Saint Kitts,Less,"164"
Saint Lucia,Less,"616"
Saint Thomas,Less,"31"
Saint Vincent,Less,"346"
Saipan,Mari,"115"
Salina,Lipa,"26.8"
Samar,Phil,"13080"
Samos,Spor,"478"
San Clemente Island,Cali,"147"
San Miguel Island,Cali,"37"
Santa Catalina Island,Cali,"194"
Santa Cruz Island,Cali,"245"
Santa Maria,Azor,"97"
Santa Rosa Island,Cali,"215"
Santiago,Cape,"991"
Sao Jorge,Azor,"233.5"
Sao Miguel,Azor,"747"
Savaii,Samo,"1707"
Schiermonnikoog,West,"40"
Shetland Mainland,Shet,"970"
Shikoku,Japa,"18000"
Skye,Inne,"1385"
South Andaman Island,Anda,"1210"
South Ronaldsay,Orkn,"50"
South Uist,Oute,"320"
Southampton Island,Cana,"41214"
Spiekeroog,Ostf,"18.2"
St. Martin,Less,"87"
Streymoy,Faro,"373"
Stromboli,Lipa,"12.6"
Sulawesi,Sund,"189216"
Sumatra,Sund,"473000"
Sumbawa,Sund,"15448"
Svalbard,Sval,"39044"
Sylt,Nord,"99"
Tahiti,Poly,"1045"
Te Ika-a-Maui (North Island),New ,"114597"
Te Waka-a-Maui (South Island),New ,"151757"
Teneriffa,Cana,"2034"
Terceira,Azor,"400"
Terschelling,West,"88"
Texel,West,"162"
Timor,Sund,"33850"
Tinian,Mari,"101"
Tobago,Less,"301"
Tongatapu,Tong,"260"
Tortola,Less,"55"
Trinidad,Less,"4827"
Tutuila,Samo,"135"
Upolu,Samo,"1125"
Uvea,Wall,"90"
Vanua Levu,Fiji,"5500"
Victoria Island,Cana,"212291"
Viti Levu,Fiji,"10429"
Vlieland,West,"40"
Vulcano,Lipa,"21.2"
Wangerooge,Ostf,"7.9"
West Falkland,Falk,"4532"
Westray,Orkn,"47"
Zakinthos,Ioni,"406"
