"name","country","population","area","capital","capprov"
Aali an Nil,SUD,1599605,238792.0,Malakal,Aali an Nil
Aberconwy and Colwyn,GB,110700,1130.0,Colwyn Bay,Aberconwy and Colwyn
Abruzzo,I,1263000,10794.0,LAquila,Abruzzo
Abu Dhabi,UAE,670000,67350.0,,
Acre,BR,483483,153149.0,Rio Branco,Acre
Ad Tamim,IRQ,592869,10282.0,Kirkuk,Ad Tamim
Adamaoua,CAM,495200,63691.0,Ngaoundere,Adamaoua
Adana,TR,1934907,17253.0,Adana,Adana
Adiyaman,TR,513131,7614.0,Adiyaman,Adiyaman
Afghanistan,AFG,22664136,,Kabul,Afghanistan
Afyon,TR,739223,14230.0,Afyon,Afyon
AG,CH,528887,1403.0,Aarau,AG
Agri,TR,437093,11376.0,Agri,Agri
Aguascalientes,MEX,862720,5589.0,Aguascalientes,Aguascalientes
Ahal,TM,416400,0.0,Ashgabat,Ahal
AI,CH,14750,172.0,Appenzell,AI
Aichi,J,6868336,5138.0,Nagoya,Aichi
Ajman,UAE,64000,64.0,,
Akershus,N,393217,,Oslo,Oslo
Akita,J,1213667,11612.0,Akita,Akita
Aksaray,TR,326399,7626.0,Aksaray,Aksaray
Al Anbar,IRQ,817868,138501.0,Ar Ramadi,Al Anbar
Al Basrah,IRQ,872211,19070.0,Al Basrah,Al Basrah
Al Fujayrah,UAE,54000,1150.0,,
al Istiwaiyah,SUD,1406181,197969.0,Juba,al Istiwaiyah
al Khartum,SUD,1802299,28165.0,Khartoum,al Khartum
Al Muthanna,IRQ,312911,51740.0,As Samawah,Al Muthanna
Al Qadisiyah,IRQ,560797,8153.0,Diwaniyah,Al Qadisiyah
Alabama,USA,4319154,133915.0,Montgomery,Alabama
Alagoas,BR,2637843,27933.0,Maceio,Alagoas
Alajuela,CR,569984,9753.0,Alajuela,Alajuela
Aland,SF,23000,,Mariehamn,Aland
Alaska,USA,609311,1530690.0,Juneau,Alaska
Alba,RO,428000,6231.0,Alba Iulia,Alba
Albania,AL,3249136,,Tirane,Albania
Alberta,CDN,2696826,661185.0,Edmonton,Alberta
Algarve,P,340100,4960.0,Faro,Algarve
Algeria,DZ,29183032,,Algier,Algeria
Almaty,KAZ,963100,105700.0,Almaty,Almaty (munic.)
Almaty (munic.),KAZ,1172400,0.0,Almaty,Almaty (munic.)
Alsace,F,1624000,8280.0,Strasbourg,Alsace
Altayskiy kray,R,2690100,169100.0,Barnaul,Altayskiy kray
Alvsborg,S,444259,11395.0,Vanersborg,Alvsborg
Amapa,BR,373994,143453.0,Macapa,Amapa
Amasya,TR,357191,5520.0,Amasya,Amasya
Amazonas,BR,2390102,1577820.0,Manaus,Amazonas
Amazonas,CO,39937,109665.0,Leticia,Amazonas
Amazonas,PE,374587,39249.0,Chachapoyas,Amazonas
Amazonas,YV,94590,175750.0,Puerto Ayacucho,Amazonas
American Samoa,AMSA,65628,,Pago Pago,American Samoa
Amurskaya oblast,R,1037800,363700.0,Blagoveshchensk,Amurskaya oblast
An Najaf,IRQ,583493,28824.0,An Najaf,An Najaf
Anatoliki Makedhonia kai Thraki,GR,574308,14157.0,Komotini,Anatoliki Makedhonia kai Thraki
Ancash,PE,1024398,35825.0,Huaraz,Ancash
Andalusia,E,7053043,87600.0,Sevilla,Andalusia
Andaman and Nicobar Is.,IND,280661,8249.0,Port Blair,Andaman and Nicobar Is.
Andhra Pradesh,IND,66508008,275045.0,Hyderabad,Andhra Pradesh
Andijon,UZB,1899000,4200.0,Andijon,Andijon
Andorra,AND,72766,,Andorra la Vella,Andorra
Anglesey,GB,68500,719.0,Llangefni,Anglesey
Anguilla,AXA,14436,,The Valley,Anguilla
Anhui,TJ,59550000,139000.0,Hefei,Anhui
Ankara,TR,3236626,25706.0,Ankara,Ankara
Antalya,TR,1132211,20591.0,Antalya,Antalya
Antananarivo,RM,3195800,58283.0,Antananarivo,Antananarivo
Antigua and Barbuda,AG,65647,,Saint Johns,Antigua and Barbuda
Antioquia,CO,4067207,63612.0,Medellin,Antioquia
Antsiranana,RM,689800,43046.0,Antsiranana,Antsiranana
Antwerp,B,1610695,2867.0,Antwerp,Antwerp
Anzoategui,YV,1034311,43300.0,Barcelona,Anzoategui
Aomori,J,1481663,9619.0,Aomori,Aomori
Apure,YV,382572,76500.0,San Fernando,Apure
Apurimac,PE,409630,20895.0,Abancay,Apurimac
Aqmola,KAZ,845700,92000.0,Aqmola,Aqmola
Aqtobe,KAZ,752800,300600.0,Aqtobe,Aqtobe
Aquitaine,F,2796000,41309.0,Bordeaux,Aquitaine
AR,CH,54104,242.0,Herisau,AR
Arad,RO,507000,7652.0,Arad,Arad
Aragon,E,1183576,47720.0,Zaragoza,Aragon
Aragua,YV,1344099,7014.0,Maracay,Aragua
Arauca,CO,89972,23818.0,Arauca,Arauca
Arbil,IRQ,742538,14471.0,Arbil,Arbil
Arequipa,PE,999851,63345.0,Arequipa,Arequipa
Arges,RO,678000,6801.0,Pitesti,Arges
Arizona,USA,4554966,295259.0,Phoenix,Arizona
Arkansas,USA,2522819,137754.0,Little Rock,Arkansas
Arkhangelskaya oblast,R,1520800,587400.0,Arkhangelsk,Arkhangelskaya oblast
Armenia,ARM,3463574,,Yerevan,Armenia
Artvin,TR,212833,7436.0,Artvin,Artvin
Aruba,ARU,103065,,Oranjestad,Aruba
Arunachal Pradesh,IND,864558,83743.0,Itanagar,Arunachal Pradesh
Arusha,EAT,1351700,82306.0,Arusha,Arusha
As Sulaymaniyah,IRQ,942513,17023.0,As Sulaymaniyah,As Sulaymaniyah
ash Shamaliyah,SUD,1083024,476040.0,ad Damir,ash Shamaliyah
Ash Shariqah,UAE,269000,2600.0,,
ash Sharqiyah,SUD,2208209,334074.0,Kassala,ash Sharqiyah
Assam,IND,22414322,78438.0,Dispur,Assam
Astrakhanskaya oblast,R,1028900,44100.0,Astrakhan,Astrakhanskaya oblast
Asturias,E,1083388,10604.0,Oviedo,Asturias
Aswan,ET,883000,679.0,Aswan,Aswan
Asyut,ET,2456000,1553.0,Asyut,Asyut
Atlantico,CO,1478213,3388.0,Barranquilla,Atlantico
Atlantida,HCA,263700,4251.0,La Ceiba,Atlantida
Attiki,GR,3522769,3808.0,Athens,Attiki
Atyrau,KAZ,459600,118600.0,Atyrau,Atyrau
Aust Agder,N,94688,,Arendal,Aust Agder
Australia Capital Territory,AUS,304100,2452.0,Canberra,Australia Capital Territory
Auvergne,F,1321000,26013.0,Clermont Ferrand,Auvergne
Aveiro,P,656000,2808.0,Aveiro,Aveiro
Avon,GB,962000,1346.0,Bristol,Avon
Ayacucho,PE,517397,43814.0,Ayacucho,Ayacucho
Aydin,TR,824816,8007.0,Aydin,Aydin
Ayeyarwady,MYA,4994100,35138.0,Pathein,Ayeyarwady
Azarbayian e Gharbt,IR,2284208,38850.0,Orumiyeh,Azarbayian e Gharbt
Azarbayian e Sharqi,IR,4420343,67102.0,Tabriz,Azarbayian e Sharqi
Azerbaijan,AZ,7676953,,Baku,Azerbaijan
Azores,P,236700,2247.0,Ponta Delgada,Azores
Babil,IRQ,1108773,6468.0,Al Hillah,Babil
Bacau,RO,731000,6606.0,Bacau,Bacau
Bacs Kiskun,H,540800,8363.0,Kecskemet,Bacs Kiskun
Badakhshoni Kuni,TAD,167100,63700.0,Khorugh,Badakhshoni Kuni
Baden Wurttemberg,D,10272069,35742.0,Stuttgart,Baden Wurttemberg
Baghdad,IRQ,4648609,734.0,Baghdad,Baghdad
Bago,MYA,3799800,39404.0,Bago,Bago
Bahamas,BS,259367,,Nassau,Bahamas
Bahia,BR,12531895,567295.0,Salvador,Bahia
Bahr al Ghazal,SUD,2265510,200894.0,Waw,Bahr al Ghazal
Bahrain,BRN,590042,,Manama,Bahrain
Baja California,MEX,2112140,70113.0,Mexicali,Baja California
Baja California Sur,MEX,375494,73677.0,La Paz,Baja California Sur
Bakhtaran,IR,1622159,23667.0,Bakhtaran,Bakhtaran
Balearic Islands,E,736865,4992.0,Palma de Mallorca,Balearic Islands
Balikesir,TR,973314,14292.0,Balikesir,Balikesir
Balkan,TM,925500,233900.0,Nebitdag,Balkan
Bandundu,ZRE,4644758,295658.0,Bandundu,Bandundu
Bangladesh,BD,123062800,,Dhaka,Bangladesh
Baranya,H,417100,4487.0,Pecs,Pecs (munic.)
Barbados,BDS,257030,,Bridgetown,Barbados
Barinas,YV,519197,35200.0,Barinas,Barinas
Bas Zaire,ZRE,2158595,53920.0,Matadi,Bas Zaire
Basilicata,I,611000,9992.0,Potenza,Basilicata
Basque Country,E,2075561,7235.0,Vitoria Gasteiz,Basque Country
Basse Normandie,F,1391000,17589.0,Caen,Basse Normandie
Batman,TR,344669,4694.0,Batman,Batman
Batys Qazaqstan,KAZ,669800,151300.0,Oral,Batys Qazaqstan
Bayburt,TR,107330,3652.0,Bayburt,Bayburt
Bayern,D,11921944,70546.0,Munich,Bayern
BE,CH,941952,5960.0,Bern,BE
Bedfordshire,GB,534300,1235.0,Bedford,Bedfordshire
Beijing (munic.),TJ,11250000,16800.0,Beijing,Beijing (munic.)
Beja,P,167900,10225.0,Beja,Beja
Bekes,H,404000,5632.0,Bekescaba,Bekes
Belarus,BY,10415973,,Minsk,Belarus
Belgorodskaya oblast,R,1469100,27100.0,Belgorod,Belgorodskaya oblast
Belize,BZ,219296,,Belmopan,Belize
Bengo,ANG,166000,31371.0,Caxito,Bengo
Benguela,ANG,644000,31788.0,Benguela,Benguela
Beni Suef,ET,1586000,1322.0,Beni Suef,Beni Suef
Benin,BEN,5709529,,Porto-Novo,Benin
Berkshire,GB,752500,1259.0,Reading,Berkshire
Berlin,D,3472009,889.0,Berlin,Berlin
Bermuda,BERM,67837,,Hamilton,Bermuda
Bhutan,BHT,1822625,,Thimphu,Bhutan
Bialostockie,PL,697000,10055.0,Bialystok,Bialostockie
Bialskopodlaskie,PL,306700,5348.0,Biala Podlaska,Bialskopodlaskie
Bie,ANG,1125000,70314.0,Bie,Bie
Bielskie,PL,911500,3704.0,Bielsko Biala,Bielskie
Bihar,IND,86374465,173877.0,Patna,Bihar
Bihor,RO,660000,7535.0,Oradea,Bihor
Bilecik,TR,175526,4307.0,Bilecik,Bilecik
Bingol,TR,250966,8125.0,Bingol,Bingol
Bistrita Nasaud,RO,328000,5305.0,Bistrita,Bistrita Nasaud
Bitlis,TR,330115,6707.0,Bitlis,Bitlis
BL,CH,252331,517.0,Liestal,BL
Blaenau Gwent,GB,73300,109.0,Ebbw Vale,Blaenau Gwent
Blekinge,S,151168,2941.0,Karlskrona,Blekinge
Bocas del Toro,PA,88400,8745.0,Bocas del Toro,Bocas del Toro
Bolivar,CO,1288985,25978.0,Cartagena,Bolivar
Bolivar,YV,1142210,238000.0,Ciudad Bolivar,Bolivar
Bolivia,BOL,7165257,,La Paz,Bolivia
Bolu,TR,536869,11051.0,Bolu,Bolu
Borders,GB,105700,4698.0,Newtown St. Boswells,Borders
Borsod Abauj Zemplen,H,749100,7248.0,Miskolc,Miskolc (munic.)
Bosnia and Herzegovina,BIH,2656240,,Sarajevo,Bosnia and Herzegovina
Botosani,RO,468000,4965.0,Botosani,Botosani
Botswana,RB,1477630,,Gaborone,Botswana
Bourgogne,F,1609000,31582.0,Dijon,Bourgogne
Boyaca,CO,1209739,23189.0,Tunja,Boyaca
Boyer Ahmad e Kohkiluyeh,IR,496739,14261.0,Yasuj,Boyer Ahmad e Kohkiluyeh
Brabant,B,2253794,3358.0,Brussels,Brabant
Braga,P,746100,2673.0,Braga,Braga
Braganca,P,158300,6608.0,Braganca,Braganca
Braila,RO,404000,4724.0,Braila,Braila
Brandenburg,D,2536747,29480.0,Potsdam,Brandenburg
Brasov,RO,695000,5351.0,Brasov,Brasov
Bremen,D,680000,404.0,Bremen,Bremen
Bretagne,F,2796000,27209.0,Rennes,Bretagne
Bridgend,GB,130900,246.0,Bridgend,Bridgend
British Columbia,CDN,3724500,948596.0,Victoria,British Columbia
British Virgin Islands,BVIR,24491,,Road Town,British Virgin Islands
Brunei,BRU,299939,,Bandar Seri Begawan,Brunei
Bryanskaya oblast,R,1479700,34900.0,Bryansk,Bryanskaya oblast
BS,CH,195759,37.0,Basel,BS
Buckinghamshire,GB,640200,1883.0,Aylesbury,Buckinghamshire
Bucuresti,RO,2319000,1521.0,Bucharest,Bucuresti
Budapest (munic.),H,2008500,525.0,Budapest,Budapest (munic.)
Buenos Aires,RA,12594974,307571.0,La Plata,Buenos Aires
Bukhoro,UZB,1262000,39400.0,Bukhoro,Bukhoro
Bulgaria,BG,8612757,,Sofia,Bulgaria
Bur Said (munic.),ET,461000,72.0,Bur Said,Bur Said (munic.)
Burdur,TR,254899,6887.0,Burdur,Burdur
Burgenland,A,273000,3965.0,Eisenstadt,Burgenland
Burkina Faso,BF,10623323,,Ouagadougou,Burkina Faso
Bursa,TR,1603137,11043.0,Bursa,Bursa
Burundi,BI,5943057,,Bujumbura,Burundi
Bushehr,IR,694252,27653.0,Bushehr,Bushehr
Buskerud,N,219967,,Drammen,Buskerud
Buzau,RO,524000,6072.0,Buzau,Buzau
Bydgoskie,PL,1120300,10349.0,Bydgoszcz,Bydgoskie
Cabinda,ANG,163000,7270.0,Cabinda,Cabinda
Cabo Delgado,MOC,1202200,82625.0,Pemba,Cabo Delgado
Caerphilly,GB,171000,279.0,Ystrad Fawr,Caerphilly
Cajamarca,PE,1349129,33247.0,Cajamarca,Cajamarca
Calabria,I,2080000,15080.0,Catanzaro,Calabria
Calarasi,RO,351000,5075.0,Calarasi,Calarasi
Caldas,CO,883024,7888.0,Manizales,Caldas
California,USA,32268301,411047.0,Sacramento,California
Callao,PE,701022,146.0,Callao,Callao
Camaguey,C,723000,15990.0,Camaguey,Camaguey
Cambodia,K,10861218,,Phnom Penh,Cambodia
Cambridgeshire,GB,669900,3409.0,Cambridge,Cambridgeshire
Campania,I,5709000,13595.0,Napoli,Campania
Campeche,MEX,642516,51833.0,Campeche,Campeche
Canakkale,TR,432263,9737.0,Canakkale,Canakkale
Canary Islands,E,1534897,7447.0,Santa Cruz de Tenerife,Canary Islands
Cankiri,TR,279129,8454.0,Cankiri,Cankiri
Cantabria,E,526090,5321.0,Santander,Cantabria
Cape Verde,CV,449066,,Praia,Cape Verde
Caqueta,CO,264507,88965.0,Florencia,Caqueta
Carabobo,YV,1823767,4650.0,Valencia,Carabobo
Caras Severin,RO,408000,8503.0,Resita,Caras Severin
Cardiff,GB,306600,139.0,Cardiff,Cardiff
Carinthia,A,559000,9533.0,Klagenfurt,Carinthia
Carmarthenshire,GB,169000,2398.0,Carmarthen,Carmarthenshire
Cartago,CR,359765,3125.0,Cartago,Cartago
Casanare,CO,147472,44640.0,Yopal,Casanare
Castelo Branco,P,214700,6675.0,Castelo Branco,Castelo Branco
Castile and Leon,E,2504371,94224.0,Valladolid,Castile and Leon
Castile La Mancha,E,1656179,79462.0,Toledo,Castile La Mancha
Catalonia,E,6090107,32113.0,Barcelona,Catalonia
Catamarca,RA,264324,102602.0,San Fernando del Valle de Catamarca,Catamarca
Cauca,CO,857751,29308.0,Popayan,Cauca
Cayman Islands,CAYM,49035,,George Town,Cayman Islands
Ceara,BR,6803567,146348.0,Fortaleza,Ceara
Central,EAK,3110000,13176.0,Nyeri,Central
Central,GB,273400,2700.0,Stirling,Central
Central,IL,938000,1242.0,Ramla,Central
Central,Z,722400,94395.0,Kabwe,Central
Central African Republic,RCA,3274426,,Bangui,Central African Republic
Centre,CAM,1651600,68926.0,Yaounde,Centre
Centre,F,2371000,39151.0,Orleans,Centre
Ceredigion,GB,69700,1797.0,Aberystwyth,Ceredigion
Cesar,CO,699428,22905.0,Valledupar,Cesar
Chaco,RA,839677,99633.0,Resistencia,Chaco
Chad,TCH,6976845,,NDjamena,Chad
Chahar Mahal e Bakhtiari,IR,747297,14870.0,Shahr e Kord,Chahar Mahal e Bakhtiari
Champagne Ardenne,F,1348000,25606.0,Chalons en Champagne,Champagne Ardenne
Chandigarh,IND,642015,114.0,Chandigarh,Chandigarh
Chechen Rep.,R,865100,12300.0,Grozny,Chechen Rep.
Chelmskie,PL,248500,3866.0,Chelm,Chelmskie
Chelyabinskaya oblast,R,3688700,87900.0,Chelyabinsk,Chelyabinskaya oblast
Cherkaska,UA,1530900,20900.0,Cherkasy,Cherkaska
Chernihivska,UA,938600,31900.0,Chernihiv,Chernihivska
Chernivetska,UA,1405800,8100.0,Chernivtsi,Chernivetska
Cheshire,GB,966500,2329.0,Chester,Cheshire
Chiapas,MEX,3584786,73887.0,Tuxtla Gutierrez,Chiapas
Chiba,J,5797782,5150.0,Chiba,Chiba
Chihuahua,MEX,2793537,247087.0,Chihuahua,Chihuahua
Chile,RCH,14333258,,Santiago,Chile
Chin,MYA,368900,36019.0,Hakha,Chin
Chiriqui,PA,396800,8653.0,David,Chiriqui
Chitinskaya oblast,R,1295000,431500.0,Chita,Chitinskaya oblast
Choco,CO,313567,46530.0,Quibdo,Choco
Choluteca,HCA,326100,4211.0,Choluteca,Choluteca
Christmas Island,XMAS,1402,,Flying Fish Cove,Christmas Island
Chubut,RA,357189,224686.0,Rawson,Chubut
Chukotsky ao,R,90500,737700.0,Anadyr,Chukotsky ao
Chuvash Republic,R,1360800,18300.0,Cheboksary,Chuvash Republic
Ciechanowskie,PL,431400,6362.0,Ciechanow,Ciechanowskie
Ciego de Avila,C,353000,6910.0,Ciego de Avila,Ciego de Avila
Cienfuegos,C,354000,4178.0,Cienfuegos,Cienfuegos
Ciudad de la Habana,C,2059000,727.0,Havana,Ciudad de la Habana
Cleveland,GB,557500,583.0,Middlesbrough,Cleveland
Cluj,RO,743000,6650.0,Cluj Napoca,Cluj
Coahuila,MEX,2173775,151571.0,Saltillo,Coahuila
Coast,EAK,1880000,83603.0,Mombasa,Coast
Cocle,PA,177100,4927.0,Penonome,Cocle
Cocos Islands,COCO,596,,West Island,Cocos Islands
Coimbra,P,427600,3947.0,Coimbra,Coimbra
Cojedes,YV,227741,14800.0,San Carlos,Cojedes
Colima,MEX,488028,5455.0,Colima,Colima
Colon,HCA,167900,8875.0,Trujillo,Colon
Colon,PA,222600,7247.0,Colon,Colon
Colorado,USA,3892644,269595.0,Denver,Colorado
Comarca de San Blas,PA,0,2357.0,El Porvenir,Comarca de San Blas
Comayagua,HCA,267000,5196.0,Comayagua,Comayagua
Comoros,COM,569237,,Moroni,Comoros
Congo,RCB,2527841,,Brazzaville,Congo
Connecticut,USA,3269858,12997.0,Hartford,Connecticut
Constanta,RO,737000,7055.0,Constanta,Constanta
Cook Islands,COOK,11870,,Avarua,Cook Islands
Copan,HCA,241400,3203.0,Santa Rosa de Copan,Copan
Copperbelt,Z,1866400,31328.0,Ndola,Copperbelt
Cordoba,CO,1013247,25020.0,Monteria,Cordoba
Cordoba,RA,2766683,165321.0,Cordoba,Cordoba
Cornwall,GB,475200,3564.0,Truro,Cornwall
Corrientes,RA,795594,88199.0,Corrientes,Corrientes
Corse,F,250000,8680.0,Ajaccio,Corse
Cortes,HCA,732600,3954.0,San Pedro Sula,Cortes
Corum,TR,609863,12820.0,Corum,Corum
Cote dIvoire,CI,14762445,,Yamoussoukro,Cote dIvoire
Cote/Littoral,CAM,1354800,20239.0,Douala,Cote/Littoral
Covasna,RO,238000,3705.0,Sfintu Gheorghe,Covasna
Croatia,HR,5004112,,Zagreb,Croatia
Csongrad,H,437600,4263.0,Hodmezovasarhely,Csongrad
Cuando Cubango,ANG,130000,199049.0,Menongue,Cuando Cubango
Cuanza Norte,ANG,378000,24110.0,Ndalatando,Cuanza Norte
Cuanza Sul,ANG,651000,55660.0,Sumbe,Cuanza Sul
Cumbria,GB,489700,6810.0,Carlisle,Cumbria
Cundinamarca,CO,1512928,22623.0,Bogota,"Santa Fe de Bogota, DC"
Cunene,ANG,232000,88342.0,Ngiva,Cunene
Cuzco,PE,1107473,71891.0,Cuzco,Cuzco
Cyprus,CY,744609,,Nicosia,Cyprus
Czestochowskie,PL,748000,6182.0,Czestochowa,Czestochowskie
Dadra and Nagar Haveli,IND,138477,491.0,Silvassa,Dadra and Nagar Haveli
Dahuk,IRQ,292931,6553.0,Dahuk,Dahuk
Dakar,SN,1490500,550.0,Dakar,Dakar
Dalarna,S,290388,28194.0,Falun,Dalarna
Daman and Diu,IND,101586,112.0,Daman,Daman and Diu
Daressalam,EAT,1360900,1393.0,Dar es Salaam,Daressalam
Darfur,SUD,3093699,508684.0,al Fasher,Darfur
Darien,PA,45000,16671.0,La Palma,Darien
Dashhowuz,TM,738000,73600.0,Tashauz,Dashhowuz
Debrecen (munic.),H,217300,446.0,Debrecen,Debrecen (munic.)
Delaware,USA,731581,5297.0,Dover,Delaware
Delhi,IND,9420644,1483.0,New Delhi,Delhi
Delta Amacuro,YV,114390,40200.0,Tucupita,Delta Amacuro
Denbighshire,GB,91300,844.0,Ruthin,Denbighshire
Denizli,TR,750882,11868.0,Denizli,Denizli
Denmark,DK,5249632,,Copenhagen,Denmark
Derbyshire,GB,938800,2631.0,Matlock,Derbyshire
Devon,GB,1040000,6711.0,Exeter,Devon
Dhi Qar,IRQ,917880,12900.0,An Nasiriyah,Dhi Qar
Dhytiki Ellas,GR,702027,11350.0,Patrai,Dhytiki Ellas
Dhytiki Makedhonia,GR,292751,9451.0,Kozani,Dhytiki Makedhonia
Dimbovita,RO,570000,4035.0,Tirgoviste,Dimbovita
Diourbel,SN,619700,4359.0,Diourbel,Diourbel
Distr. Columbia,USA,528964,179.0,Washington,Distr. Columbia
Distrito Federal,BR,1817001,5822.0,Brasilia,Distrito Federal
Distrito Federal,MEX,8489007,1499.0,Mexico City,Distrito Federal
Distrito Federal,RA,2965403,200.0,Buenos Aires,Distrito Federal
Distrito Federal,YV,2279677,1930.0,Caracas,Distrito Federal
Diyala,IRQ,955112,19076.0,Baqubah,Diyala
Diyarbakir,TR,1094996,15355.0,Diyarbakir,Diyarbakir
Djibouti,DJI,427642,,Djibouti,Djibouti
Dnipropetrovska,UA,3908700,31900.0,Dnipropetrovsk,Dnipropetrovska
Dodoma,EAT,1237800,41311.0,Dodoma,Dodoma
Dolj,RO,772000,7413.0,Craiova,Dolj
Dominica,WD,82926,,Roseau,Dominica
Dominican Republic,DOM,8088881,,Santo Domingo,Dominican Republic
Donetska,UA,5346700,26500.0,Donetsk,Donetska
Dorset,GB,662900,2654.0,Dorchester,Dorset
Drenthe,NL,454864,2652.0,Assen,Drenthe
Dubayy,UAE,419000,419.0,,
Dumfries and Galloway,GB,147800,6425.0,Dumfries,Dumfries and Galloway
Dumyat,ET,808000,589.0,Dumyat,Dumyat
Durango,MEX,1431748,119648.0,Durango,Durango
Durham,GB,604300,2436.0,Durham,Durham
Dushanbe (munic.),TAD,591900,300.0,Dushanbe,Dushanbe (munic.)
East Flanders,B,1340056,2982.0,Ghent,East Flanders
East Sussex,GB,716500,1795.0,Lewes,East Sussex
Eastern,EAK,3724000,159891.0,Embu,Eastern
Eastern,Z,826100,69106.0,Chipata,Eastern
Eastern Cape,RSA,5865000,170616.0,Bisho,Eastern Cape
Ecuador,EC,11466291,,Quito,Ecuador
Edirne,TR,404599,6276.0,Edirne,Edirne
Ehime,J,1506700,5672.0,Matsuyama,Ehime
El Bahr el Ahmar,ET,108000,203685.0,Hurghada,El Bahr el Ahmar
El Buhayra,ET,3602000,10130.0,Damanhur,El Buhayra
El Daqahliya,ET,3828000,3471.0,El Mansura,El Daqahliya
El Faiyum,ET,1720000,1827.0,El Faiyum,El Faiyum
El Gharbiya,ET,3113000,1942.0,Tanta,El Gharbiya
El Giza,ET,4265000,85153.0,El Giza,El Giza
El Iskandariya,ET,3170000,2679.0,Alexandria,El Iskandariya
El Minufiya,ET,2449000,1532.0,Shibin el Kom,El Minufiya
El Minya,ET,2916000,2262.0,El Minya,El Minya
El Paraiso,HCA,284100,7218.0,Yuscaran,El Paraiso
El Qahira,ET,6452000,214.0,Cairo,El Qahira
El Qalubiya,ET,2868000,1001.0,Benha,El Qalubiya
El Salvador,ES,5828987,,San Salvador,El Salvador
El Suweiz,ET,392000,17840.0,El Suweiz,El Suweiz
El Wadi el Jadid,ET,126000,376505.0,El Kharga,El Wadi el Jadid
Elazig,TR,498225,9153.0,Elazig,Elazig
Elblaskie,PL,483200,6103.0,Elblag,Elblaskie
Emilia Romagna,I,3924000,22123.0,Bologna,Emilia Romagna
Entre Rios,RA,1020257,78781.0,Parana,Entre Rios
Equateur,ZRE,3960187,403293.0,Mbandaka,Equateur
Equatorial Guinea,GQ,431282,,Malabo,Equatorial Guinea
Eritrea,ER,3427883,,Asmara,Eritrea
Erzincan,TR,299251,11903.0,Erzincan,Erzincan
Erzurum,TR,848201,25066.0,Erzurum,Erzurum
Esfahan,IR,3682444,104650.0,Esfahan,Esfahan
Eskisehir,TR,641057,13652.0,Eskisehir,Eskisehir
Espirito Santo,BR,2786126,46184.0,Vitoria,Espirito Santo
Essex,GB,1548800,3672.0,Chelmsford,Essex
Est,CAM,517200,109011.0,Bertoua,Est
Estonia,EW,1459428,,Tallinn,Estonia
Estremadura,E,1050590,41635.0,Merida,Estremadura
Ethiopia,ETH,57171662,,Addis Ababa,Ethiopia
Evora,P,173500,7393.0,Evora,Evora
Falcon,YV,699232,24800.0,Coro,Falcon
Falkland Islands,FALK,3140,,Stanley,Falkland Islands
Farghona,UZB,2338000,7100.0,Farghona,Farghona
Faroe Islands,FARX,43857,,Torshavn,Faroe Islands
Fars,IR,3543828,133298.0,Shiraz,Fars
Fatick,SN,476000,7935.0,Fatick,Fatick
Fed. Terr. of Kuala Lumpur,MAL,1145075,243.0,Kuala Lumpur,Fed. Terr. of Kuala Lumpur
Fed. Terr. of Labuan,MAL,54307,91.0,Labuan,Fed. Terr. of Labuan
Fejer,H,422500,4374.0,Szekesfehervar,Fejer
Fianarantsoa,RM,2209700,102373.0,Fianarantsoa,Fianarantsoa
Fife,GB,352100,1319.0,Glenrothes,Fife
Fiji,FJI,782381,,Suva,Fiji
Finnmark,N,75667,,Vadsoe,Finnmark
Flevoland,NL,262325,1425.0,Lelystad,Flevoland
Flintshire,GB,145300,437.0,Mold,Flintshire
Florida,USA,14653945,151939.0,Tallahassee,Florida
Formosa,RA,398413,72066.0,Formosa,Formosa
FR,CH,224552,1670.0,Fribourg,FR
Franche Comte,F,1097000,16202.0,Besancon,Franche Comte
Francisco Morazan,HCA,908300,7946.0,Tegucigalpa,Francisco Morazan
Free State,RSA,2470000,129437.0,Bloemfontein,Free State
French Guiana,FGU,151187,,Cayenne,French Guiana
French Polynesia,FPOL,287032,,Papeete,French Polynesia
Friesland,NL,609579,3361.0,Leeuwarden,Friesland
Friuli Venezia Giulia,I,1193000,7845.0,Trieste,Friuli Venezia Giulia
Fujian,TJ,31830000,120000.0,Fuzhou,Fujian
Fukui,J,826996,4192.0,Fukui,Fukui
Fukuoka,J,4933393,4961.0,Fukuoka,Fukuoka
Fukushima,J,2133592,13784.0,Fukushima,Fukushima
Gabon,G,1172798,,Libreville,Gabon
Galati,RO,642000,4425.0,Galati,Galati
Galicia,E,2720761,29574.0,Santiago de Compostella,Galicia
Gambia,WAG,1204984,,Banjul,Gambia
Gansu,TJ,23780000,450000.0,Lanzhou,Gansu
Gauteng,RSA,7171300,18760.0,Johannesburg,Gauteng
Gavleborg,S,289339,18191.0,Gavle,Gavleborg
Gaza,MOC,1401500,75709.0,Xai Xai,Gaza
Gaza Strip,GAZA,813332,,,
Gaziantep,TR,1140594,7642.0,Gaziantep,Gaziantep
Gdanskie,PL,1445000,7394.0,Gdansk,Gdanskie
GE,CH,395466,282.0,Geneva,GE
Gelderland,NL,1864732,4995.0,Arnhem,Gelderland
Georgia,GE,5219810,,Tbilisi,Georgia
Georgia,USA,7486242,152576.0,Atlanta,Georgia
Ghana,GH,17698271,,Accra,Ghana
Gibraltar,GBZ,28765,,Gibraltar,Gibraltar
Gifu,J,2100315,10596.0,Gifu,Gifu
Gilan,IR,2204047,14709.0,Rasht,Gilan
Giresun,TR,499087,6934.0,Giresun,Giresun
Giurgiu,RO,325000,3810.0,Giurgiu,Giurgiu
GL,CH,39410,685.0,Glarus,GL
Gloucestershire,GB,538800,2643.0,Gloucester,Gloucestershire
Goa,IND,1169793,3702.0,Panaji,Goa
Goias,BR,4501538,341289.0,Goiania,Goias
Gorj,RO,388000,5641.0,Tirgu Jiu,Gorj
Gorzowskie,PL,505600,8484.0,Gorzow Wielkopolskie,Gorzowskie
Goteborg och Bohus,S,742550,5141.0,Goteborg,Goteborg och Bohus
Gotland,S,57383,3140.0,Visby,Gotland
GR,CH,185063,7105.0,Chur,GR
Gracias a Dios,HCA,39000,16630.0,Puerto Lempira,Gracias a Dios
Grampian,GB,532500,8752.0,Aberdeen,Grampian
Granma,C,773000,8372.0,Bayamo,Granma
Greater London,GB,6803100,1579.0,London,Greater London
Greater Manchester,GB,2561600,1287.0,Manchester,Greater Manchester
Greenland,GROX,58203,,Nuuk,Greenland
Grenada,WG,94961,,Saint Georges,Grenada
Groningen,NL,557995,2344.0,Groningen,Groningen
Guadeloupe,GUAD,407768,,Basse-Terre,Guadeloupe
Guainia,CO,12345,72238.0,Puerto Inirida,Guainia
"Guajira, La",CO,299995,20848.0,Riohacha,"Guajira, La"
Guam,GUAM,178430,,Agana,Guam
Guanacaste,CR,254530,10141.0,Liberia,Guanacaste
Guanajuato,MEX,4406568,30589.0,Guanajuato,Guanajuato
Guangdong,TJ,66890000,186000.0,Guangzhou,Guangdong
Guangxi Zhuangzu,TJ,44930000,236300.0,Nanning,Guangxi Zhuangzu
Guantanamo,C,484000,6186.0,Guantanamo,Guantanamo
Guarda,P,187800,5518.0,Guarda,Guarda
Guarico,YV,583221,64986.0,San Juan,Guarico
Guatemala,GCA,11277614,,Guatemala City,Guatemala
Guaviare,CO,47073,42327.0,San Jose del Guaviare,Guaviare
Guernsey,GBG,62920,,Saint Peter Port,Guernsey
Guerrero,MEX,2916567,63749.0,Chilpancingo,Guerrero
Guinea,RG,7411981,,Conakry,Guinea
Guinea-Bissau,GNB,1151330,,Bissau,Guinea-Bissau
Guizhou,TJ,34580000,170000.0,Guiyang,Guizhou
Gujarat,IND,41309582,196024.0,Gandhinagar,Gujarat
Gumma,J,2003540,6356.0,Maebashi,Gumma
Gumushane,TR,169375,6575.0,Gumushane,Gumushane
Guyana,GUY,712091,,Georgetown,Guyana
Gwynedd,GB,117000,2548.0,Caernarfon,Gwynedd
Gyor (munic.),H,130600,175.0,Gyor,Gyor (munic.)
Gyor Sopron,H,426800,4012.0,Gyor,Gyor (munic.)
Haeme,SF,662000,,Haemeenlinna,Haeme
Haifa,IL,602800,854.0,Haifa,Haifa
Hainan,TJ,7110000,34000.0,Haikou,Hainan
Hainaut,B,1283252,3787.0,Mons,Hainaut
Haiti,RH,6731539,,Port-au-Prince,Haiti
Hajdu Bihar,H,549700,6212.0,Debrecen,Debrecen (munic.)
Hakkari,TR,172479,7121.0,Hakkari,Hakkari
Halland,S,257874,5454.0,Halmstad,Halland
Hamadan,IR,1651320,19784.0,Hamadan,Hamadan
Hamburg,D,1705872,755.0,Hamburg,Hamburg
Hampshire,GB,1578700,3777.0,Winchester,Hampshire
Harghita,RO,363000,6610.0,Miercurea Ciuc,Harghita
Haryana,IND,16463648,44212.0,Chandigarh,Chandigarh
Hatay,TR,1109754,5403.0,Antakya,Hatay
Haut Zaire,ZRE,5119750,503239.0,Kisangani,Haut Zaire
Haute Normandie,F,1737000,12318.0,Rouen,Haute Normandie
Hawaii,USA,1183723,16760.0,Honolulu,Hawaii
Hebei,TJ,63880000,190000.0,Shijiazhuang,Hebei
Hedmark,N,186355,,Hamar,Hedmark
Heilongjiang,TJ,36720000,469000.0,Harbin,Heilongjiang
Henan,TJ,90270000,167000.0,Zhengzhou,Henan
Heredia,CR,256726,2656.0,Heredia,Heredia
Hereford and Worcester,GB,696000,3927.0,Worcester,Hereford and Worcester
Herrera,PA,108700,2341.0,Chitre,Herrera
Hertfordshire,GB,989500,1634.0,Hertford,Hertfordshire
Hessen,D,5980693,21115.0,Wiesbaden,Hessen
Heves,H,330200,3637.0,Eger,Heves
Hidalgo,MEX,2112473,20987.0,Pachuca de Soto,Hidalgo
Highland,GB,207500,26137.0,Inverness,Highland
Himachal Pradesh,IND,5170877,55673.0,Simla,Himachal Pradesh
Hiroshima,J,2881748,8467.0,Hiroshima,Hiroshima
Hokkaido,J,5692321,83519.0,Sapporo,Hokkaido
Holguin,C,972000,9301.0,Holguin,Holguin
Holy See,V,840,,Vatican City,Holy See
Hong Kong,HONX,7055071,,Hong Kong,Hong Kong
Hordaland,N,399702,,Bergen,Hordaland
Hormozgan,IR,924433,66780.0,Bandar Abbas,Hormozgan
Huambo,ANG,1524000,34274.0,Huambo,Huambo
Huancavelica,PE,413136,22131.0,Huancavelica,Huancavelica
Huanuco,PE,722669,36938.0,Huanuco,Huanuco
Hubei,TJ,57190000,187400.0,Wuhan,Hubei
Huila,ANG,869000,75002.0,Lubango,Huila
Huila,CO,693712,19890.0,Neiva,Huila
Humberside,GB,874400,3512.0,Hull,Humberside
Hunan,TJ,63550000,210000.0,Changsha,Hunan
Hunedoara,RO,567000,7016.0,Deva,Hunedoara
Hyogo,J,5401877,8381.0,Kobe,Hyogo
Ialomita,RO,309000,4449.0,Slobozia,Ialomita
Iasi,RO,810000,5469.0,Iasi,Iasi
Ibaraki,J,2955530,6094.0,Mito,Ibaraki
Ica,PE,608609,21327.0,Ica,Ica
Icel,TR,1266995,15853.0,Mersin,Icel
Iceland,IS,270292,,Reykjavik,Iceland
Idaho,USA,1186602,216430.0,Boise,Idaho
Ilam,IR,440693,19044.0,Ilam,Ilam
Ile de France,F,10660000,12011.0,Paris,Ile de France
Illinois,USA,11895849,145933.0,Springfield,Illinois
Indiana,USA,5864108,93719.0,Indianapolis,Indiana
Indonesia,RI,206611600,,Jakarta,Indonesia
Inhambane,MOC,1157000,68615.0,Inhambane,Inhambane
Intibuca,HCA,137800,3072.0,La Esperanza,Intibuca
Ionioi Nisoi,GR,191003,2307.0,Korfu,Ionioi Nisoi
Iowa,USA,2852423,145752.0,Des Moines,Iowa
Ipiros,GR,339210,9203.0,Ioannina,Ipiros
Ireland,IRL,3566833,,Dublin,Ireland
Iringa,EAT,1208900,58864.0,Iringa,Iringa
Irkutskaya oblast,R,2795200,767900.0,Irkutsk,Irkutskaya oblast
Ishikawa,J,1180068,4197.0,Kanazawa,Ishikawa
Isla de la Juventud,C,71000,2396.0,Nueva Gerona,Isla de la Juventud
Islas de la Bahia,HCA,24500,261.0,Roatan,Islas de la Bahia
Isle of Wight,GB,126600,381.0,Newport,Newport
Ismailiya,ET,623000,1442.0,Ismailiya,Ismailiya
Isparta,TR,434771,8933.0,Isparta,Isparta
Istanbul,TR,7309190,5712.0,Istanbul,Istanbul
Ivano Frankivska,UA,1442900,13900.0,Ivano Frankivsk,Ivano Frankivska
Ivanovskaya oblast,R,1266400,23900.0,Ivanovo,Ivanovskaya oblast
Iwate,J,1419505,15277.0,Morioka,Iwate
Izmir,TR,2694770,11973.0,Izmir,Izmir
Jalisco,MEX,5991176,80137.0,Guadalajara,Jalisco
Jamaica,JA,2595275,,Kingston,Jamaica
Jammu and Kashmir,IND,7718700,101387.0,Srinagar,Jammu and Kashmir
Jamtland,S,136009,49443.0,Ostersund,Jamtland
Jeleniogorskie,PL,519200,4379.0,Jelenia Gora,Jeleniogorskie
Jersey,GBJ,87848,,Saint Helier,Jersey
Jiangsu,TJ,70210000,102600.0,Nanjing,Jiangsu
Jiangxi,TJ,40150000,166600.0,Nanchang,Jiangxi
Jihocesky,CZ,702000,11345.0,Ceske Budejovice,Jihocesky
Jihomoravsky,CZ,2059000,15028.0,Brno,Jihomoravsky
Jilin,TJ,25740000,187000.0,Changchun,Jilin
Jizzakh,UZB,831000,20500.0,Jizzakh,Jizzakh
Johor,MAL,2074297,18986.0,Johor Baharu,Johor
Jonkoping,S,309738,9944.0,Jonkoping,Jonkoping
Jordan,JOR,4212152,,Amman,Jordan
JU,CH,69188,836.0,Delemont,JU
Jujuy,RA,512329,53219.0,San Salvador de Jujuy,Jujuy
Junin,PE,1132448,44409.0,Huancayo,Junin
Kabardino Balkar Rep.,R,789900,12500.0,Nalchik,Kabardino Balkar Rep.
Kachin,MYA,904800,89041.0,Myitkyina,Kachin
Kafr el Sheikh,ET,1968000,3437.0,Kafr el Sheikh,Kafr el Sheikh
Kagawa,J,1027006,1882.0,Takamatsu,Kagawa
Kagera,EAT,1326200,28388.0,Bukoba,Kagera
Kagoshima,J,1794224,9166.0,Kagoshima,Kagoshima
Kaliningradskaya oblast,R,932200,15100.0,Kaliningrad,Kaliningradskaya oblast
Kaliskie,PL,715600,6512.0,Kalisz,Kaliskie
Kalmar,S,241883,11170.0,Kalmar,Kalmar
Kaluzhskaya oblast,R,1097300,29900.0,Kaluga,Kaluzhskaya oblast
Kamchatskaya oblast,R,411100,472300.0,Petropavlovsk Kamchatsky,Kamchatskaya oblast
Kanagawa,J,8245900,2402.0,Yokohama,Kanagawa
Kansas,USA,2594840,213097.0,Topeka,Kansas
Kaolack,SN,816400,16010.0,Kaolack,Kaolack
Karachayevo Cherkessk Rep.,R,436300,14100.0,Cherkessk,Karachayevo Cherkessk Rep.
Karaman,TR,217536,9163.0,Karaman,Karaman
Karamanmaras,TR,892952,14327.0,Karaman Maras,Karamanmaras
Karbala,IRQ,455868,5034.0,Karbala,Karbala
Karnataka,IND,44977201,191791.0,Bangalore,Karnataka
Kars,TR,662155,18557.0,Kars,Kars
Kasai Occidental,ZRE,3465756,156967.0,Kananga,Kasai Occidental
Kasai Oriental,ZRE,2859220,168216.0,Mbuji Mayi,Kasai Oriental
Kaskazini Pemba,EAT,137400,574.0,Wete,Kaskazini Pemba
Kaskazini Ujunga,EAT,97000,470.0,Mkokotoni,Kaskazini Ujunga
Kastamonu,TR,423611,13108.0,Kastamonu,Kastamonu
Katowickie,PL,4013200,6650.0,Katowice,Katowickie
Kayah,MYA,168400,11733.0,Loikaw,Kayah
Kayin,MYA,1055400,30383.0,Hpa an,Kayin
Kayseri,TR,943484,16917.0,Kayseri,Kayseri
Kedah,MAL,1304800,9426.0,Alor Setar,Kedah
Kedriki Makedhonia,GR,1729581,19147.0,Thessaloniki,Kedriki Makedhonia
Kelantan,MAL,1181680,14943.0,Kota Baharu,Kelantan
Kemerovskaya oblast,R,3063500,95500.0,Kemerovo,Kemerovskaya oblast
Kent,GB,1538800,3731.0,Maidstone,Kent
Kentucky,USA,3908124,104661.0,Frankfort,Kentucky
Kerala,IND,29098518,38863.0,Trivandrum,Kerala
Kerman,IR,1862542,179916.0,Kerman,Kerman
Khabarovskiy kray,R,1571200,752600.0,Khabarovsk,Khabarovskiy kray
Kharkivska,UA,3194800,31400.0,Kharkiv,Kharkivska
Khatlon,TAD,1113500,12600.0,Qurghonteppa,Khatlon
Khersonska,UA,1258700,28500.0,Kherson,Khersonska
Khmelnytska,UA,1520600,20600.0,Khmelnytskyy,Khmelnytska
Khorasan,IR,6013200,313337.0,Mashhad,Khorasan
Khorazm,UZB,1135000,6300.0,Urganch,Khorazm
Khujand,TAD,1635900,26100.0,Khujand,Khujand
Khuzestan,IR,3175852,67282.0,Ahvaz,Khuzestan
Kieleckie,PL,1127700,9211.0,Kielce,Kieleckie
Kigoma,EAT,854800,37037.0,Kigoma Ujiji,Kigoma
Kilimanjaro,EAT,1108700,13309.0,Moshi,Kilimanjaro
Kinshasa,ZRE,2778281,9965.0,Kinshasa,Kinshasa
Kiribati,KIR,80919,,Tarawa,Kiribati
Kirikkale,TR,349396,4365.0,Kirikkale,Kirikkale
Kirklareli,TR,309512,6550.0,Kirklareli,Kirklareli
Kirovohradska,UA,1245300,24600.0,Kirovohrad,Kirovohradska
Kirovskaya oblast,R,1634500,120800.0,Kirov,Kirovskaya oblast
Kirsehir,TR,256862,6570.0,Kirsehir,Kirsehir
Kivu,ZRE,5232442,256662.0,Bukavu,Kivu
Kocaeli,TR,936163,3626.0,Izmit,Kocaeli
Kochi,J,816704,7107.0,Kochi,Kochi
Kokchetau,KAZ,657000,78200.0,Kokchetau,Kokchetau
Kolda,SN,606800,21011.0,Kolda,Kolda
Komarom Esztergom,H,312900,2250.0,Tatabanya,Komarom Esztergom
Koninskie,PL,472400,5139.0,Konin,Koninskie
Konya,TR,1750303,38257.0,Konya,Konya
Kordestan,IR,1233480,24998.0,Sanandaj,Kordestan
Kosovo,KOS,1804838,,Pristina,Kosovo
Kostromskaya oblast,R,805700,60100.0,Kostroma,Kostromskaya oblast
Koszalinskie,PL,513700,8470.0,Koszalin,Koszalinskie
Krakowskie,PL,1238100,3254.0,Krakow,Krakowskie
Krasnodarsky kray,R,5043900,76000.0,Krasnodar,Krasnodarsky kray
Krasnoyarskiy kray,R,3105900,2339700.0,Krasnoyarsk,Krasnoyarskiy kray
Kristianstad,S,291468,6087.0,Kristianstad,Kristianstad
Kriti,GR,537183,8336.0,Iraklion,Kriti
Kronoberg,S,178612,8458.0,Vaxjo,Kronoberg
Krosnienskie,PL,500700,5702.0,Krosno,Krosnienskie
Krym,UA,2549800,27000.0,Simferopol,Krym
Kulob,TAD,668100,12000.0,Kulob,Kulob
Kumamoto,J,1859793,7408.0,Kumamoto,Kumamoto
Kuopio,SF,252000,,Kuopio,Kuopio
Kurdufan,SUD,3093294,380255.0,al Ubayyid,Kurdufan
Kurganskaya oblast,R,1112200,71000.0,Kurgan,Kurganskaya oblast
Kurskaya oblast,R,1346900,29800.0,Kursk,Kurskaya oblast
Kusini Pemba,EAT,127600,332.0,Chake Cahke,Kusini Pemba
Kusini Ujunga,EAT,70200,854.0,Koani,Kusini Ujunga
Kutahya,TR,578020,11875.0,Kutahya,Kutahya
Kuwait,KWT,1950047,,Kuwait,Kuwait
Kwazulu Natal,RSA,7672000,91481.0,Pietermaritzburg,Kwazulu Natal
Kymi,SF,345000,,Kotka,Kymi
Kyoto,J,2629592,4613.0,Kyoto,Kyoto
Kyrgyzstan,KGZ,4529648,,Bishkek,Kyrgyzstan
Kyyivska,UA,4589800,28900.0,Kiev,Kyyivska
La Habana,C,630000,5731.0,Havana,Ciudad de la Habana
La Libertad,PE,1366125,25569.0,Trujillo,La Libertad
La Pampa,RA,259996,143440.0,Santa Rosa,La Pampa
La Paz,HCA,117400,2331.0,La Paz,La Paz
La Rioja,RA,220729,89680.0,La Rioja,La Rioja
Lakshadweep Is.,IND,51707,32.0,Kavaratti,Lakshadweep Is.
Lambayeque,PE,1009655,14231.0,Chiclayo,Lambayeque
Lancashire,GB,1408300,3064.0,Preston,Lancashire
Languedoc Roussillon,F,2115000,27376.0,Montpellier,Languedoc Roussillon
Laos,LAO,4975772,,Vientiane,Laos
Lappia,SF,195000,,Rovaniemi,Lappia
Lara,YV,1430968,19800.0,Barquisimeto,Lara
Las Tunas,C,478000,6589.0,Victoria de las Tunas,Las Tunas
Latvia,LV,2468982,,Riga,Latvia
Lazio,I,5185000,17203.0,Rome,Lazio
Leban,TM,774700,93800.0,Charjew,Leban
Lebanon,RL,3776317,,Beirut,Lebanon
Legnickie,PL,521500,4037.0,Legnica,Legnickie
Leicestershire,GB,890800,2553.0,Leichester,Leicestershire
Leiria,P,427800,3515.0,Leiria,Leiria
Lempira,HCA,194600,4290.0,Gracias,Lempira
Leningradskaya oblast,R,1675900,85900.0,Sankt Peterburg,Sankt Peterburg
Leninsk (munic.),KAZ,68600,0.0,Leninsk,Leninsk (munic.)
Lesotho,LS,1970781,,Maseru,Lesotho
Leszczynskie,PL,391500,4154.0,Leszno,Leszczynskie
Liaoning,TJ,40670000,145700.0,Shenyang,Liaoning
Liberia,LB,2109789,,Monrovia,Liberia
Libya,LAR,5445436,,Tripoli,Libya
Liechtenstein,FL,31122,,Vaduz,Liechtenstein
Liege,B,1006081,3862.0,Liege,Liege
Liguria,I,1663000,5418.0,Genua,Liguria
Lima,PE,6941672,34801.0,Lima,Lima
Limburg,B,755593,2422.0,Hasselt,Limburg
Limburg,NL,1130050,2167.0,Maastricht,Limburg
Limon,CR,237183,9189.0,Limon,Limon
Limousin,F,723000,16942.0,Limoges,Limousin
Limpopo,RSA,4128000,119606.0,Pietersburg,Limpopo
Lincolnshire,GB,592600,5915.0,Lincoln,Lincolnshire
Lindi,EAT,646600,66046.0,Lindi,Lindi
Lipetskaya oblast,R,1250200,24100.0,Lipetsk,Lipetskaya oblast
Lisbon,P,2063800,2761.0,Lisbon,Lisbon
Lithuania,LT,3646041,,Vilnius,Lithuania
Lodzkie,PL,1132400,1523.0,Lodz,Lodzkie
Lombardia,I,8901000,23857.0,Milan,Lombardia
Lomzynskie,PL,349000,6684.0,Lomza,Lomzynskie
Lorestan,IR,1501778,28803.0,Khorramabad,Lorestan
Loreto,PE,789235,368851.0,Iquitos,Loreto
Lorraine,F,2306000,23547.0,Metz,Lorraine
Los Santos,PA,82800,3806.0,Las Tablas,Los Santos
Lothian,GB,758600,1770.0,Edinburgh,Lothian
Louga,SN,490400,29188.0,Louga,Louga
Louisiana,USA,4351769,123677.0,Baton Rouge,Louisiana
Lower Austria,A,1507000,19170.0,St. Polten,Lower Austria
LU,CH,340536,1493.0,Luzern,LU
Luanda,ANG,1629000,2418.0,Luanda,Luanda
Luapula,Z,526300,50567.0,Mansa,Luapula
Lubelskie,PL,1022600,6792.0,Lublin,Lubelskie
Luhanska,UA,2871100,26700.0,Luhansk,Luhanska
Lunda Norte,ANG,292000,102783.0,Lucapa,Lunda Norte
Lunda Sul,ANG,155000,56985.0,Saurimo,Lunda Sul
Lusaka,Z,1151300,21896.0,Lusaka,Lusaka
Luxembourg,B,234664,4441.0,Arlon,Luxembourg
Luxembourg,L,415870,,Luxembourg,Luxembourg
Lvivska,UA,2764400,21800.0,Lviv,Lvivska
Macau,MACX,496837,,Macau,Macau
Macedonia,MK,2104035,,Skopje,Macedonia
Madeira,P,253000,794.0,Funchal,Madeira
Madhya Pradesh,IND,66181170,443446.0,Bhopal,Madhya Pradesh
Madre de Dios,PE,74306,85182.0,Puerto Maldonado,Madre de Dios
Madrid,E,5034548,8028.0,Madrid,Madrid
Magadanskaya oblast,R,258200,461400.0,Magadan,Magadanskaya oblast
Magdalena,CO,890934,23188.0,Santa Marta,Magdalena
Magway,MYA,3243200,44820.0,Magway,Magway
Mahajanga,RM,1075300,150023.0,Majunga,Mahajanga
Maharashtra,IND,78937187,307713.0,Bombay,Maharashtra
Maine,USA,1242051,86156.0,Augusta,Maine
Malanje,ANG,892000,87246.0,Malanje,Malanje
Malatya,TR,702055,12313.0,Malatya,Malatya
Malawi,MW,9452844,,Lilongwe,Malawi
Maldives,MV,270758,,Male,Maldives
Mali,RMM,9653261,,Bamako,Mali
Malmohus,S,786757,4938.0,Malmo,Malmohus
Malta,M,375576,,Valletta,Malta
Man,GBM,73837,,Douglas,Man
Mandalay,MYA,4577800,37024.0,Mandalay,Mandalay
Mangghystau,KAZ,324400,165600.0,Aqtau,Mangghystau
Manica,MOC,609500,61661.0,Chimoio,Manica
Manipur,IND,1837149,22327.0,Imphal,Manipur
Manisa,TR,1154418,13810.0,Manisa,Manisa
Manitoba,CDN,1113898,650086.0,Winnipeg,Manitoba
Maputo,MOC,840800,25756.0,Maputo,Maputo (munic.)
Maputo (munic.),MOC,931600,602.0,Maputo,Maputo (munic.)
Mara,EAT,970900,19566.0,Musoma,Mara
Maramures,RO,556000,6215.0,Baia Mare,Maramures
Maranhao,BR,5218442,333365.0,Sao Luis,Maranhao
Marche,I,1438000,9693.0,Ancona,Marche
Mardin,TR,557727,8891.0,Mardin,Mardin
Markazi,IR,1182611,29080.0,Arak,Markazi
Marshall Islands,MH,58363,,Majuro,Marshall Islands
Martinique,MART,399151,,Fort-de-France,Martinique
Mary,TM,859500,86800.0,Mary,Mary
Maryland,USA,5094289,27091.0,Annapolis,Maryland
Massachusetts,USA,6117520,21455.0,Boston,Massachusetts
Matanzas,C,596000,11978.0,Matanzas,Matanzas
Mato Grosso,BR,2227983,906806.0,Cuiaba,Mato Grosso
Mato Grosso do Sul,BR,1922258,358158.0,Campo Grande,Mato Grosso do Sul
Matruh,ET,182000,212112.0,Marsa Matruh,Matruh
Mauritania,RIM,2336048,,Nouakchott,Mauritania
Mauritius,MS,1140256,,Port Louis,Mauritius
Mayotte,MAYO,223765,,Mamoutzou,Mayotte
Maysan,IRQ,499842,16072.0,Al Amarah,Maysan
Mazandaran,IR,3793149,46456.0,Sari,Mazandaran
Mbeya,EAT,1476200,60350.0,Mbeya,Mbeya
Mecklenburg Vorpommern,D,1832298,23170.0,Schwerin,Mecklenburg Vorpommern
Meghalaya,IND,1774778,22429.0,Shillong,Meghalaya
Mehedinti,RO,329000,4900.0,Drobeta Turnu Severin,Mehedinti
Melaka,MAL,504502,1650.0,Melaka,Melaka
Mendoza,RA,1412481,148827.0,Mendoza,Mendoza
Merida,YV,680503,11300.0,Merida,Merida
Merseyside,GB,1441100,652.0,Liverpool,Merseyside
Merthyr Tydfil,GB,59500,111.0,Merthyr Tydfil,Merthyr Tydfil
Meta,CO,474046,85635.0,Villavicencio,Meta
"Mexico, Estado de",MEX,11707964,21461.0,Toluca de Lerdo,"Mexico, Estado de"
Michigan,USA,9773892,151584.0,Lansing,Michigan
Michoacan,MEX,3870604,59864.0,Morelia,Michoacan
Micronesia,FSM,125377,,Palikir,Micronesia
Midi Pyrenees,F,2431000,45349.0,Toulouse,Midi Pyrenees
Mie,J,1841358,5778.0,Tsu,Mie
Mikkeli,SF,209000,,Mikkeli,Mikkeli
Minas Gerais,BR,16660691,588383.0,Belo Horizonte,Minas Gerais
Minnesota,USA,4685549,218600.0,St. Paul,Minnesota
Miranda,YV,2303302,7950.0,Los Teques,Miranda
Misiones,RA,788915,29801.0,Posadas,Misiones
Miskolc (munic.),H,191000,224.0,Miskolc,Miskolc (munic.)
Mississippi,USA,2730501,123514.0,Jackson,Mississippi
Missouri,USA,5402058,180514.0,Jefferson City,Missouri
Miyagi,J,2328739,7292.0,Sendai,Miyagi
Miyazaki,J,1175819,7735.0,Miyazaki,Miyazaki
Mizoram,IND,689756,21081.0,Aijal,Mizoram
Mjini Magharibi,EAT,208300,230.0,Zanzibar,Mjini Magharibi
Moere og Romsdal,N,237290,,Molde,Moere og Romsdal
Moldova,MD,4463847,,Chisinau,Moldova
Molise,I,332000,4438.0,Campobasso,Molise
Mon,MYA,1680200,12297.0,Moulmein,Mon
Monaco,MC,31719,,Monaco,Monaco
Monagas,YV,555705,28900.0,Maturin,Monagas
Mongolia,MNG,2496617,,Ulaanbaatar,Mongolia
Monmouthshire,GB,84200,851.0,Cwmbran,Monmouthshire
Montana,USA,878810,380848.0,Helena,Montana
Montenegro,MNE,672180,,Podgorica,Montenegro
Montserrat,MNTS,5097,,Plymouth,Montserrat
Moquegua,PE,137747,15733.0,Moquegua,Moquegua
Morelos,MEX,1442662,4941.0,Cuernavaca,Morelos
Morocco,MA,29779156,,Rabat,Morocco
Morogoro,EAT,1222700,70799.0,Morogoro,Morogoro
Moskovskaya oblast,R,6596600,47000.0,Moscow,Moskva
Moskva,R,8664400,0.0,Moscow,Moskva
Moxico,ANG,316000,223023.0,Luena,Moxico
Mpumalanga,RSA,2646000,81816.0,Nelspruit,Mpumalanga
Mtwara,EAT,889500,16707.0,Mtwara Mikandani,Mtwara
Mugla,TR,562809,13338.0,Mugla,Mugla
Murcia,E,1070401,11314.0,Murcia,Murcia
Mures,RO,621000,6696.0,Tirgu Mures,Mures
Murmanskaya oblast,R,1048000,144900.0,Murmansk,Murmanskaya oblast
Mus,TR,376543,8196.0,Mus,Mus
Mwanza,EAT,1878300,19592.0,Mwanza,Mwanza
Mykolayivska,UA,1342400,24600.0,Mykolayiv,Mykolayivska
Nagaland,IND,1209546,16579.0,Kohima,Nagaland
Nagano,J,2193984,13585.0,Nagano,Nagano
Nagasaki,J,1544934,4112.0,Nagasaki,Nagasaki
Nairobi,EAK,1346000,684.0,Nairobi,Nairobi
Namangan,UZB,1652000,7900.0,Namangan,Namangan
Namibe,ANG,115000,58137.0,Namibe,Namibe
Namibia,NAM,1677243,,Windhoek,Namibia
Nampula,MOC,2841400,81606.0,Nampula,Nampula
Namur,B,426305,3665.0,Namur,Namur
Nara,J,1430862,3692.0,Nara,Nara
Narino,CO,1085173,33268.0,Pasto,Narino
Nauru,NAU,10273,,Yaren,Nauru
Navarre,E,523614,10391.0,Pamplona,Navarre
Nawoiy,UZB,715000,110800.0,Nawoiy,Nawoiy
Nayarit,MEX,896702,27621.0,Tepic,Nayarit
NE,CH,165258,803.0,Neuchatel,NE
Neamt,RO,580000,5890.0,Piatra Neamt,Neamt
Neath and Port Talbot,GB,140100,441.0,Port Talbot,Neath and Port Talbot
Nebraska,USA,1656870,200349.0,Lincoln,Nebraska
Negeri Sembilan,MAL,691150,6643.0,Seremban,Negeri Sembilan
Nei Monggol,TJ,22600000,1183000.0,Hohhot,Nei Monggol
Nepal,NEP,22094033,,Kathmandu,Nepal
Netherlands Antilles,NA,227049,,Willemstad,Netherlands Antilles
Neuquen,RA,388833,94078.0,Neuquen,Neuquen
Nevada,USA,1676809,286352.0,Carson City,Nevada
Nevsehir,TR,289509,5467.0,Nevsehir,Nevsehir
New Brunswick,CDN,738133,73437.0,Fredericton,New Brunswick
New Caledonia,NCA,227436,,Noumea,New Caledonia
New Hampshire,USA,1172709,24033.0,Concord,New Hampshire
New Jersey,USA,8052849,20168.0,Trenton,New Jersey
New Mexico,USA,1729751,314925.0,Santa Fe,New Mexico
New South Wales,AUS,6115100,801428.0,Sydney,New South Wales
New York,USA,18137226,127189.0,Albany,New York
New Zealand,NZ,3547983,,Wellington,New Zealand
Newfoundland,CDN,551792,404517.0,Saint Johns,Newfoundland
Newport,GB,137400,191.0,Newport,Newport
Niassa,MOC,686700,129055.0,Lichinga,Niassa
Nicaragua,NIC,4272352,,Managua,Nicaragua
Niedersachsen,D,7715363,47609.0,Hannover,Niedersachsen
Nigde,TR,305861,7312.0,Nigde,Nigde
Niger,RN,9113001,,Niamey,Niger
Nigeria,WAN,103912489,,Abuja,Nigeria
Niigata,J,2488364,12579.0,Niigata,Niigata
Nil al Asraq,SUD,4012543,139017.0,Wad Madani,Nil al Asraq
Ninawa,IRQ,1507926,35899.0,Mosul,Ninawa
Ningxia Huizu,TJ,5040000,66400.0,Yinchuan,Ningxia Huizu
Niue,NIUE,1398,,Alofi,Niue
Nizhegorodskaya oblast,R,3726400,74800.0,Nizhniy Novgorod,Nizhegorodskaya oblast
Nograd,H,222700,2544.0,Salgotarjan,Nograd
Noord Brabant,NL,2276207,4938.0,s Hertogenbosch,Noord Brabant
Noord Holland,NL,2463611,265978.0,Haarlem,Noord Holland
Nord,CAM,832200,65576.0,Garoua,Nord
Nord extreme,CAM,1855700,34246.0,Maroua,Nord extreme
Nord Pas de Calais,F,3965000,12413.0,Lille,Nord Pas de Calais
Nord Trondelag,N,126692,,Steinkjer,Nord Trondelag
Nordland,N,242268,,Bodoe,Nordland
Nordoueste,CAM,1237300,17810.0,Bamenda,Nordoueste
Nordrhein Westfalen,D,17816079,34077.0,Dusseldorf,Nordrhein Westfalen
Norfolk,GB,759400,5368.0,Norwich,Norfolk
Norfolk Island,NORF,2209,,Kingston,Norfolk Island
Norrbotten,S,264834,98913.0,Lulea,Norrbotten
Norte de Santander,CO,913491,21658.0,Cucuta,Norte de Santander
North,IL,739500,4501.0,Nazareth,North
North Carolina,USA,7425183,136412.0,Raleigh,North Carolina
North Dakota,USA,640883,183117.0,Bismarck,North Dakota
North Eastern,EAK,372000,126090.0,Garissa,North Eastern
North Korea,NOK,23904124,,Pyongyang,North Korea
North West,RSA,3043000,118710.0,Mmabatho,North West
North Yorkshire,GB,720900,8309.0,Northallerton,North Yorkshire
Northamptonshire,GB,587100,2367.0,Northampton,Northamptonshire
Northern,Z,832700,147826.0,Kasama,Northern
Northern Cape,RSA,746000,363389.0,Kimberley,Northern Cape
Northern Ireland,GB,1594400,14120.0,Belfast,Northern Ireland
Northern Mariana Islands,NMIS,88662,,Saipan,Northern Mariana Islands
Northern Territory,AUS,173878,1346200.0,Darwin,Northern Territory
Northumberland,GB,307100,5032.0,Newcastle upon Tyne,Tyne and Wear
Northwest Territories,CDN,64402,3379680.0,Yellowknife,Northwest Territories
Northwestern,Z,396100,125827.0,Solwezi,Northwestern
Notion Aiyaion,GR,262522,5286.0,Ermoupoli,Notion Aiyaion
Nottinghamshire,GB,1015500,2164.0,Nottingham,Nottinghamshire
Nova Scotia,CDN,909282,55490.0,Halifax,Nova Scotia
Novgorodskaya oblast,R,742600,55300.0,Novgorod,Novgorodskaya oblast
Novosibirskaya oblast,R,2748600,178200.0,Novosibirsk,Novosibirskaya oblast
Nowosadeckie,PL,709500,5576.0,Nowy Sacz,Nowosadeckie
Nueva Esparta,YV,330307,1150.0,La Ascuncion,Nueva Esparta
Nuevo Leon,MEX,3550114,64555.0,Monterrey,Nuevo Leon
NW,CH,36466,276.0,Stans,NW
Nyanza,EAK,3558000,16162.0,Kisumu,Nyanza
Oaxaca,MEX,3228895,95364.0,Oaxaca,Oaxaca
Ocotepeque,HCA,81800,1680.0,Ocotepeque,Ocotepeque
Odeska,UA,2635300,33300.0,Odesa,Odeska
Oestfold,N,234941,,Moss,Oestfold
Ohio,USA,11186331,107044.0,Columbus,Ohio
Oita,J,1231306,6338.0,Oita,Oita
Okayama,J,1950750,7090.0,Okayama,Okayama
Okinawa,J,1273440,2255.0,Naha,Okinawa
Oklahoma,USA,3317091,181185.0,Oklahoma City,Oklahoma
Olancho,HCA,318000,24351.0,Jutigalpa,Olancho
Olsztynskie,PL,761300,12327.0,Olsztyn,Olsztynskie
Olt,RO,535000,5507.0,Slatina,Olt
Oman,OM,2186548,,Muscat,Oman
Omskaya oblast,R,2176400,139700.0,Omsk,Omskaya oblast
Ongtustik Qazaqstan,KAZ,1987800,117300.0,Shymkent,Ongtustik Qazaqstan
Ontario,CDN,10753573,1068580.0,Toronto,Ontario
Opolskie,PL,1023800,8535.0,Opole,Opolskie
Oppland,N,181791,,Lillehammer,Oppland
Ordu,TR,830105,6001.0,Ordu,Ordu
Orebro,S,273608,8519.0,Orebro,Orebro
Oregon,USA,3243487,251418.0,Salem,Oregon
Orenburgskaya oblast,R,2228600,124000.0,Orenburg,Orenburgskaya oblast
Orissa,IND,31659736,155707.0,Bhubaneswar,Orissa
Orjolskaya oblast,R,914000,24700.0,Orel,Orjolskaya oblast
Orkneys,GB,19590,992.0,Kirkwall,Orkneys
Osaka,J,8797268,1868.0,Osaka,Osaka
Oslo,N,449337,,Oslo,Oslo
Ostergotland,S,406100,10562.0,Linkoping,Ostergotland
Ostroleckie,PL,400500,6498.0,Ostroleka,Ostroleckie
Ouest,CAM,1339800,13872.0,Bafoussam,Ouest
Oulu,SF,415000,,Oulu,Oulu
Outer Hebrides,GB,26370,3071.0,Stornoway,Outer Hebrides
Overijssel,NL,1050389,3337.0,Zwolle,Overijssel
OW,CH,31310,490.0,Sarnen,OW
Oxfordshire,GB,597700,2608.0,Oxford,Oxfordshire
Pahang,MAL,1036724,35965.0,Kuantan,Pahang
Pakistan,PK,129275660,,Islamabad,Pakistan
Palau,PAL,16952,,Melekeok,Palau
Panama,PA,1168500,11887.0,Panama City,Panama
Papua New Guinea,PNG,4394537,,Port Moresby,Papua New Guinea
Para,BR,5522783,1253160.0,Belem,Para
Paraguay,PY,5504146,,Asuncion,Paraguay
Paraiba,BR,3305562,56584.0,Joao Pessoa,Paraiba
Parana,BR,8985981,199709.0,Curitiba,Parana
Pasco,PE,243366,25319.0,Cerro de Pasco,Pasco
Pavlodar,KAZ,943600,124800.0,Pavlodar,Pavlodar
Pays de la Loire,F,3059000,32082.0,Nantes,Pays de la Loire
Pecs (munic.),H,171600,113.0,Pecs,Pecs (munic.)
Peloponnisos,GR,605663,15490.0,Tripoli,Peloponnisos
Pembrokeshire,GB,113600,1590.0,Haverfordwest,Pembrokeshire
Pennsylvania,USA,12019661,117347.0,Harrisburg,Pennsylvania
Penzenskaya oblast,R,1562300,43200.0,Penza,Penzenskaya oblast
Perak,MAL,1880016,21005.0,Ipoh,Perak
Perlis,MAL,184070,795.0,Kangar,Perlis
Permskaya oblast,R,3009400,160600.0,Perm,Permskaya oblast
Pernambuco,BR,7404559,98937.0,Recife,Pernambuco
Pest,H,957900,6394.0,Budapest,Budapest (munic.)
Philippines,RP,74480848,,Manila,Philippines
Piaui,BR,2676098,252378.0,Teresina,Piaui
Picardie,F,1811000,19399.0,Amiens,Picardie
Piemonte,I,4307000,25399.0,Turin,Piemonte
Pilskie,PL,485700,8205.0,Pila,Pilskie
Pinar del Rio,C,678000,10925.0,Pinar del Rio,Pinar del Rio
Piotrkowskie,PL,644200,6266.0,Piotrkow Trybunalski,Piotrkowskie
Pitcairn Islands,PITC,48,,Adamstown,Pitcairn Islands
Piura,PE,1468337,35892.0,Piura,Piura
Plockie,PL,518600,5117.0,Plock,Plockie
Pohjols-Karjala,SF,177000,,Joensuu,Pohjols-Karjala
Poitou Charentes,F,1595000,25809.0,Poitiers,Poitou Charentes
Poltavska,UA,1756900,28800.0,Poltava,Poltavska
Pondicherry,IND,807785,492.0,Pondicherry,Pondicherry
Portalegre,P,134300,6065.0,Portalegre,Portalegre
Porto,P,1622300,2395.0,Porto,Porto
Portuguesa,YV,720865,15200.0,Guanare,Portuguesa
Powys,GB,121800,5204.0,Llandrindod Wells,Powys
Poznanskie,PL,1344200,8151.0,Poznan,Poznanskie
Praha,CZ,2329000,11490.0,Prague,Praha
Prahova,RO,877000,4694.0,Ploiesti,Prahova
Primorsky kray,R,2255400,165900.0,Vladivostok,Primorsky kray
Prince Edward Island,CDN,134557,5657.0,Charlottetown,Prince Edward Island
Provence Cote dAzur,F,4258000,31400.0,Marseille,Provence Cote dAzur
Przemyskie,PL,409600,4437.0,Przemysl,Przemyskie
Pskovskaya oblast,R,832300,55300.0,Pskov,Pskovskaya oblast
Puebla,MEX,4624365,33919.0,Puebla,Puebla
Puerto Rico,PR,3971020,,San Juan,Puerto Rico
Puglia,I,4066000,19348.0,Bari,Puglia
Pulau Pinang,MAL,1065075,1031.0,Penang,Pulau Pinang
Punjab,IND,20281969,50362.0,Chandigarh,Chandigarh
Puno,PE,1144151,71999.0,Puno,Puno
Puntarenas,CR,357103,11277.0,Puntarenas,Puntarenas
Putumayo,CO,174219,24885.0,Mocoa,Putumayo
Pwani,EAT,638000,32407.0,Dar es Salaam,Daressalam
Qaraghandy,KAZ,1270100,115400.0,Karaganda,Qaraghandy
Qaraqalpoghiston,UZB,1343000,164900.0,Nukus,Qaraqalpoghiston
Qasqadare,UZB,1812000,28400.0,Qarshi,Qasqadare
Qatar,Q,547761,,Doha,Qatar
Qena,ET,2493000,1851.0,Qena,Qena
Qinghai,TJ,4740000,720000.0,Xining,Qinghai
Qostanay,KAZ,1055300,113900.0,Qostanay,Qostanay
Quebec,CDN,7138795,1540680.0,Quebec,Quebec
Queensland,AUS,3277000,1727000.0,Brisbane,Queensland
Queretaro,MEX,1250476,11769.0,Queretaro,Queretaro
Quindio,CO,392208,1845.0,Armenia,Quindio
Quintana Roo,MEX,703536,50350.0,Chetumal,Quintana Roo
Qyzylorda,KAZ,606100,226000.0,Qyzylorda,Qyzylorda
Radomskie,PL,755500,7294.0,Radom,Radomskie
Rajasthan,IND,44005990,342239.0,Jaipur,Rajasthan
Rakhine,MYA,2045600,36778.0,Akyab,Rakhine
Ras al Khaymah,UAE,116000,1700.0,,
Rep. of Adygeya,R,450500,7600.0,Maykop,Rep. of Adygeya
Rep. of Altay,R,201600,92600.0,Gorno Altaysk,Rep. of Altay
Rep. of Bashkortostan,R,4096600,143600.0,Ufa,Rep. of Bashkortostan
Rep. of Buryatiya,R,1052500,351300.0,Ulan Ude,Rep. of Buryatiya
Rep. of Dagestan,R,2097500,50300.0,Makhachkala,Rep. of Dagestan
Rep. of Ingushetiya,R,299700,3750.0,Nazran,Rep. of Ingushetiya
Rep. of Kalmykiya,R,318500,76100.0,Elista,Rep. of Kalmykiya
Rep. of Karelia,R,785000,172400.0,Petrozavodsk,Rep. of Karelia
Rep. of Khakassiya,R,585800,61900.0,Abakan,Rep. of Khakassiya
Rep. of Komi,R,1185500,415900.0,Syktyvkar,Rep. of Komi
Rep. of Mariy El,R,766300,23200.0,Yoshkar Ola,Rep. of Mariy El
Rep. of Mordovia,R,955800,26200.0,Saransk,Rep. of Mordovia
Rep. of North Ossetiya,R,662600,8000.0,Vladikavkaz,Rep. of North Ossetiya
Rep. of Sakha,R,1022800,3103200.0,Yakutsk,Rep. of Sakha
Rep. of Tatarstan,R,3760500,68000.0,Kazan,Rep. of Tatarstan
Rep. of Tyva,R,309700,170500.0,Kyzyl,Rep. of Tyva
Reunion,REUN,679198,,Saint-Denis,Reunion
Rheinland Pfalz,D,3951573,19851.0,Mainz,Rheinland Pfalz
Rhode Island,USA,987429,3139.0,Providence,Rhode Island
Rhondda Cynon Taff,GB,239000,424.0,Rhondda,Rhondda Cynon Taff
Rhone Alpes,F,5351000,43698.0,Lyon,Rhone Alpes
Rift Valley,EAK,4894000,173868.0,Nakuru,Rift Valley
Rio de Janeiro,BR,13316455,43909.0,Rio de Janeiro,Rio de Janeiro
Rio Grande do Norte,BR,2556939,53306.0,Natal,Rio Grande do Norte
Rio Grande do Sul,BR,9623003,282062.0,Porto Alegre,Rio Grande do Sul
Rio Negro,RA,506772,203013.0,Viedma,Rio Negro
Rioja,E,263437,5045.0,Logrono,Rioja
Risaralda,CO,652872,4140.0,Pereira,Risaralda
Rivnenska,UA,1176800,20100.0,Rivne,Rivnenska
Rize,TR,348776,3920.0,Rize,Rize
Rogaland,N,323365,,Stavanger,Rogaland
Rondonia,BR,1221290,238512.0,Porto Velho,Rondonia
Roraima,BR,247724,225116.0,Boa Vista,Roraima
Rostovskaya oblast,R,4426400,100800.0,Rostov no Donu,Rostovskaya oblast
Rukwa,EAT,684000,68635.0,Sumbawanga,Rukwa
Ruvuma,EAT,783300,63498.0,Songea,Ruvuma
Rwanda,RWA,6853359,,Kigali,Rwanda
Ryazanskaya oblast,R,1325300,39600.0,Ryazan,Ryazanskaya oblast
Rzeszowskie,PL,734100,4397.0,Rzeszow,Rzeszowskie
Saarland,D,1084201,2570.0,Saarbrucken,Saarland
Sabah,MAL,1736902,73620.0,Kota Kinabalu,Sabah
Sachsen,D,4584345,18412.0,Dresden,Sachsen
Sachsen Anhalt,D,2759213,20446.0,Magdeburg,Sachsen Anhalt
Saga,J,884316,2433.0,Saga,Saga
Sagaing,MYA,3862200,94625.0,Sagaing,Sagaing
Saint Helena,HELX,7637,,Jamestown,Saint Helena
Saint Kitts and Nevis,KN,41369,,Basseterre,Saint Kitts and Nevis
Saint Louis,SN,680200,44127.0,Saint Louis,Saint Louis
Saint Lucia,WL,157862,,Castries,Saint Lucia
Saint Martin,SMAR,29820,,Marigot,Saint Martin
Saint Pierre and Miquelon,SPMI,6809,,Saint-Pierre,Saint Pierre and Miquelon
Saint Vincent and the Grenadines,WV,118344,,Kingstown,Saint Vincent and the Grenadines
Saitama,J,6759311,3799.0,Urawa,Saitama
Sakarya,TR,683061,4817.0,Sakarya,Sakarya
Sakhalinskaya oblast,R,647800,87100.0,Yuzhno Sakhalinsk,Sakhalinskaya oblast
Salah ad Din,IRQ,723500,26175.0,Samarra,Salah ad Din
Salaj,RO,269000,3850.0,Zalau,Salaj
Salta,RA,866153,155488.0,Salta,Salta
Salzburg,A,501000,7154.0,Salzburg,Salzburg
Samarqand,UZB,2322000,16400.0,Samarqand,Samarqand
Samarskaya oblast,R,3311500,53600.0,Samara,Samarskaya oblast
Samoa,WS,214384,,Apia,Samoa
Samsun,TR,1158400,9579.0,Samsun,Samsun
San Andres y Providencia,CO,35818,44.0,San Andres,San Andres y Providencia
San Jose,CR,1163943,4960.0,San Jose,San Jose
San Juan,RA,528715,89651.0,San Juan,San Juan
San Luis,RA,286458,76748.0,San Luis,San Luis
San Luis Potosi,MEX,2200763,62848.0,San Luis Potosi,San Luis Potosi
San Marino,RSM,24521,,San Marino,San Marino
San Martin,PE,627781,51253.0,Moyobamba,San Martin
Sancti Spiritus,C,420000,6744.0,Sancti Spiritus,Sancti Spiritus
Sankt Peterburg,R,4801500,0.0,Sankt Peterburg,Sankt Peterburg
Sanliurfa,TR,1001455,18584.0,Urfa,Sanliurfa
Santa Barbara,HCA,307500,5113.0,Santa Barbara,Santa Barbara
Santa Catarina,BR,4865090,95442.0,Florianopolis,Santa Catarina
Santa Cruz,RA,159839,243943.0,Rio Gallegos,Santa Cruz
Santa Fe,RA,2798422,133007.0,Santa Fe,Santa Fe
"Santa Fe de Bogota, DC",CO,4236490,1587.0,Bogota,"Santa Fe de Bogota, DC"
Santander del Sur,CO,1511392,30537.0,Bucaramanga,Santander del Sur
Santarem,P,442700,6747.0,Santarem,Santarem
Santiago de Cuba,C,968000,6170.0,Santiago de Cuba,Santiago de Cuba
Santiago de Estero,RA,671988,136351.0,Santiago del Estero,Santiago de Estero
Sao Paulo,BR,34055715,248808.0,Sao Paulo,Sao Paulo
Sao Tome and Principe,STP,144128,,Sao Tome,Sao Tome and Principe
Saratovskaya oblast,R,2739500,100200.0,Saratov,Saratovskaya oblast
Sarawak,MAL,1648217,124449.0,Kuching,Sarawak
Sardegna,I,1657000,24090.0,Cagliari,Sardegna
Saskatchewan,CDN,990237,651900.0,Regina,Saskatchewan
Satu Mare,RO,417000,4405.0,Satu Mare,Satu Mare
Saudi Arabia,SA,19409058,,Riyadh,Saudi Arabia
Schleswig Holstein,D,2708392,15738.0,Kiel,Schleswig Holstein
Selangor,MAL,2289236,7956.0,Shah Alam,Selangor
Semey,KAZ,811000,185800.0,Semey,Semey
Semnan,IR,458125,90905.0,Semnan,Semnan
Serbia,SRB,7379339,,Belgrade,Serbia
Sergipe,BR,1617368,22050.0,Aracaju,Sergipe
Setubal,P,713700,5064.0,Setubal,Setubal
Severocesky,CZ,1190000,7819.0,Usti nad Labem,Severocesky
Severomoravsky,CZ,1976000,11067.0,Ostrava,Severomoravsky
Seychelles,SY,77575,,Victoria,Seychelles
SG,CH,442350,2025.0,Sankt Gallen,SG
SH,CH,74035,298.0,Schaffhausen,SH
Shaanxi,TJ,34810000,205000.0,Xian,Shaanxi
Shaba/Katanga,ZRE,4452618,496965.0,Lubumbashi,Shaba/Katanga
Shan,MYA,3716800,155801.0,Taunggyi,Shan
Shandong,TJ,86710000,153000.0,Jinan,Shandong
Shanghai (munic.),TJ,13560000,6200.0,Shanghai,Shanghai (munic.)
Shanxi,TJ,30450000,156000.0,Taiyuan,Shanxi
Sharqiya,ET,3766000,4180.0,Zagazig,Sharqiya
Shetland,GB,22000,1466.0,Lerwick,Shetland
Shiga,J,1287005,4016.0,Otsu,Shiga
Shimane,J,771441,6628.0,Matsue,Shimane
Shinyanga,EAT,1772500,50781.0,Shinyanga,Shinyanga
Shizuoka,J,3737689,7773.0,Shizuoka,Shizuoka
Shropshire,GB,412500,3490.0,Shrewsbury,Shropshire
Shyghys Qazaqstan,KAZ,939500,97500.0,Oskemen,Shyghys Qazaqstan
Sibiu,RO,509000,5422.0,Sibiu,Sibiu
Sichuan,TJ,112140000,570000.0,Chengdu,Sichuan
Sicilia,I,5025000,25709.0,Palermo,Sicilia
Siedleckie,PL,655300,8499.0,Siedlce,Siedleckie
Sieradzkie,PL,408700,4869.0,Sieradz,Sieradzkie
Sierra Leone,WAL,4793121,,Freetown,Sierra Leone
Siirt,TR,243435,5406.0,Siirt,Siirt
Sikkim,IND,406457,7096.0,Gangtok,Sikkim
Sina al Janubiyah,ET,33000,33140.0,El Tur,Sina al Janubiyah
Sina ash Shamaliyah,ET,196000,27574.0,El Arish,Sina ash Shamaliyah
Sinaloa,MEX,2425675,58092.0,Culiacan,Sinaloa
Singapore,SGP,3396924,,Singapore,Singapore
Singida,EAT,791800,49341.0,Singida,Singida
Sinop,TR,265153,5862.0,Sinop,Sinop
Sirdare,UZB,600000,5100.0,Guliston,Sirdare
Sirnak,TR,262006,7172.0,Sirnak,Sirnak
Sistan e Baluchestan,IR,1455102,181578.0,Zahedan,Sistan e Baluchestan
Sivas,TR,767481,28488.0,Sivas,Sivas
Skaraborg,S,278162,7937.0,Mariestad,Skaraborg
Skierniewickie,PL,421700,3960.0,Skierniewice,Skierniewickie
Slovakia,SK,5374362,,Bratislava,Slovakia
Slovenia,SLO,1951443,,Ljubljana,Slovenia
Slupskie,PL,419300,7453.0,Slupsk,Slupskie
Smolenskaya oblast,R,1172400,49800.0,Smolensk,Smolenskaya oblast
SO,CH,239264,790.0,Solothurn,SO
Sodermanland,S,256818,6060.0,Nykoping,Sodermanland
Soer Trondelag,N,246824,,Trondheim,Soer Trondelag
Sofala,MOC,1427500,68018.0,Beira,Sofala
Sogn og Fjordane,N,106116,,Hermannsverk,Sogn og Fjordane
Sohag,ET,2689000,1547.0,Sohag,Sohag
Solomon Islands,SLB,412902,,Honiara,Solomon Islands
Soltustik Qazaqstan,KAZ,600900,45000.0,Petropavl,Soltustik Qazaqstan
Somalia,SP,9639151,,Mogadishu,Somalia
Somerset,GB,469400,3451.0,Taunton,Somerset
Somogy,H,340000,6035.0,Kaposvar,Somogy
Sonora,MEX,2085536,184934.0,Hermosillo,Sonora
South,IL,529300,14107.0,Beer Sheva,South
South Australia,AUS,1474000,984377.0,Adelaide,South Australia
South Carolina,USA,3760181,80582.0,Columbia,South Carolina
South Dakota,USA,737973,199730.0,Pierre,South Dakota
South Korea,ROK,45482291,,Seoul,South Korea
South Yorkshire,GB,1292700,1560.0,Barnsley,South Yorkshire
Southern,Z,906900,85283.0,Livingstone,Southern
Sri Lanka,CL,18553074,,Colombo,Sri Lanka
Staffordshire,GB,1047400,2716.0,Stafford,Staffordshire
Stavropolsky kray,R,2667000,66500.0,Stavropol,Stavropolsky kray
Sterea Ellas,GR,578876,15549.0,Lamia,Sterea Ellas
Stockholm,S,1654511,6488.0,Stockholm,Stockholm
Strathclyde,GB,2287800,13773.0,Glasgow,Strathclyde
Styria,A,1203000,16386.0,Graz,Styria
Suceava,RO,699000,8555.0,Suceava,Suceava
Sucre,CO,561649,10917.0,Sincelejo,Sucre
Sucre,YV,781756,11800.0,Cumana,Sucre
Sud,CAM,373800,47110.0,Ebolowa,Sud
Sudoueste,CAM,838000,24471.0,Buea,Sudoueste
Suffolk,GB,661900,3797.0,Ipswich,Suffolk
Sumska,UA,1430200,23800.0,Sumy,Sumska
Suomi,SF,242000,,Jyvaeskylae,Suomi
Suriname,SME,436418,,Paramaribo,Suriname
Surkhondare,UZB,1437000,20800.0,Termiz,Surkhondare
Surrey,GB,1035500,1679.0,Kingston,Surrey
Suwalskie,PL,477100,10490.0,Suwalki,Suwalskie
Svalbard,SVAX,2116,,Longyearbyen,Svalbard
Sverdlovskaya oblast,R,4686300,194300.0,Yekaterinburg,Sverdlovskaya oblast
Swansea,GB,230900,378.0,Swansea,Swansea
Swaziland,SD,998730,,Mbabane,Swaziland
Syria,SYR,15608648,,Damascus,Syria
SZ,CH,122409,908.0,Schwyz,SZ
Szabolcs Szatmar,H,563500,5938.0,Nyiregyhaza,Szabolcs Szatmar
Szczecinskie,PL,979500,9982.0,Szczecin,Szczecinskie
Szeged (munic.),H,178500,145.0,Szeged,Szeged (munic.)
Szolnok,H,420900,5608.0,Szolnok,Szolnok
Tabasco,MEX,1748769,24661.0,Villahermosa,Tabasco
Tabora,EAT,1036300,76151.0,Tabora,Tabora
Tachira,YV,946949,11100.0,San Cristobal,Tachira
Tacna,PE,245843,16075.0,Tacna,Tacna
Taiwan,RC,21465881,,Taipei,Taiwan
Taldyqorghan,KAZ,721500,118500.0,Taldyqorghan,Taldyqorghan
Tamaulipas,MEX,2527328,79829.0,Ciudad Victoria,Tamaulipas
Tambacounda,SN,370000,59602.0,Tambacounda,Tambacounda
Tambovskaya oblast,R,1310600,34300.0,Tambov,Tambovskaya oblast
Tamil Nadu,IND,55858946,130058.0,Madras,Tamil Nadu
Tanga,EAT,1283600,26808.0,Tanga,Tanga
Tanintharyi,MYA,917200,43343.0,Tavoy,Tanintharyi
Tarnobrzeskie,PL,604300,6283.0,Tarnobrzeg,Tarnobrzeskie
Tarnowskie,PL,678400,4151.0,Tarnow,Tarnowskie
Tasmania,AUS,473022,67800.0,Hobart,Tasmania
Tayside,GB,395000,7643.0,Dundee,Tayside
Tehran,IR,9982309,29993.0,Tehran,Tehran
Tekirdag,TR,468842,6218.0,Tekirdag,Tekirdag
Tel Aviv,IL,1029700,170.0,Tel Aviv,Tel Aviv
Telemark,N,162547,,Skien,Telemark
Teleorman,RO,504000,5760.0,Alexandria,Teleorman
Tennessee,USA,5368198,109153.0,Nashville,Tennessee
Terengganu,MAL,770931,12955.0,Kuala Terengganu,Terengganu
Ternopilska,UA,1175100,13800.0,Ternopil,Ternopilska
Tete,MOC,734600,100724.0,Tete,Tete
Texas,USA,19439337,691027.0,Austin,Texas
TG,CH,223372,990.0,Frauenfeld,TG
Thailand,THA,58851357,,Bangkok,Thailand
Thessalia,GR,731030,14037.0,Larisa,Thessalia
Thies,SN,948100,6601.0,Thies,Thies
Thuringen,D,2517776,16171.0,Erfurt,Thuringen
TI,CH,305199,2812.0,Bellinzona,TI
Tianjin (munic.),TJ,9350000,11300.0,Tianjin,Tianjin (munic.)
Tibet,TJ,2360000,1220000.0,Lhasa,Tibet
Tierra del Fuego,RA,69369,21571.0,Ushuaia,Tierra del Fuego
Timis,RO,726000,8692.0,Timisoara,Timis
Timor-Leste,TL,1131612,,Dili,Timor-Leste
Tlaxcala,MEX,883924,3914.0,Tlaxcala,Tlaxcala
Toamasina,RM,1444700,71911.0,Tamatave,Toamasina
Tocantins,BR,1049742,278420.0,Palmas,Tocantins
Tochigi,J,1984390,6414.0,Utsonomiya,Tochigi
Togo,RT,4570530,,Lome,Togo
Tokat,TR,719251,9958.0,Tokat,Tokat
Tokushima,J,832427,4145.0,Tokushima,Tokushima
Tokyo,J,11773605,2164.0,Tokyo,Tokyo
Toliara,RM,1396700,161405.0,Toliara,Toliara
Tolima,CO,1142220,23562.0,Ibague,Tolima
Tolna,H,251000,3702.0,Szekszard,Tolna
Tomskaya oblast,R,1077600,316900.0,Tomsk,Tomskaya oblast
Tonga,TO,106466,,Nukualofa,Tonga
Torfaen,GB,90600,126.0,Pontypool,Torfaen
Torghay,KAZ,305900,111800.0,Arqalyq,Torghay
Torunskie,PL,662600,5348.0,Torun,Torunskie
Toscana,I,3528000,22992.0,Firenze,Toscana
Toshkent,UZB,4450000,15600.0,Tashkent,Toshkent
Tottori,J,614929,3494.0,Tottori,Tottori
Toyama,J,1123125,4252.0,Toyama,Toyama
Trabzon,TR,795849,4685.0,Trabzon,Trabzon
Trentino Alto Adige,I,904000,13618.0,Bolzano,Trentino Alto Adige
Trinidad and Tobago,TT,1272385,,Port-of-Spain,Trinidad and Tobago
Tripura,IND,2757205,10486.0,Agartala,Tripura
Troms,N,146736,,Tromsoe,Troms
Trujillo,YV,562752,7400.0,Trujillo,Trujillo
Tucuman,RA,1142105,22524.0,San Miguel de Tucuman,Tucuman
Tulcea,RO,275000,8430.0,Tulcea,Tulcea
Tulskaya oblast,R,1814500,25700.0,Tula,Tulskaya oblast
Tumbes,PE,173616,4669.0,Tumbes,Tumbes
Tunceli,TR,133143,7774.0,Tunceli,Tunceli
Tunisia,TN,9019687,,Tunis,Tunisia
Turks and Caicos Islands,TUCA,22942,,Grand Turk,Turks and Caicos Islands
Turku-Pori,SF,702000,,Turku,Turku-Pori
Tuvalu,TUV,10146,,Funafuti,Tuvalu
Tverskaya oblast,R,1650600,84100.0,Tver,Tverskaya oblast
Tyne and Wear,GB,1125600,540.0,Newcastle upon Tyne,Tyne and Wear
Tyrol,A,649000,12647.0,Innsbruck,Tyrol
Tyumenskaya oblast,R,3169900,1435200.0,Tyumen,Tyumenskaya oblast
Ucayali,PE,364596,102410.0,Pucallpa,Ucayali
Udmurt Republic,R,1639100,42100.0,Izhevsk,Udmurt Republic
Uganda,EAU,20158176,,Kampala,Uganda
Uige,ANG,837000,58698.0,Uige,Uige
Ulyanovskaya oblast,R,1495200,37300.0,Simbirsk,Ulyanovskaya oblast
Umbria,I,819000,8456.0,Perugia,Umbria
Umm al Qaywayn,UAE,29000,750.0,,
Upper Austria,A,1373000,11979.0,Linz,Upper Austria
Uppsala,S,273918,6989.0,Uppsala,Uppsala
UR,CH,35876,1076.0,Altdorf,UR
Uruguay,ROU,3238952,,Montevideo,Uruguay
Usak,TR,290283,5341.0,Usak,Usak
Utah,USA,2059148,219888.0,Salt Lake City,Utah
Utrecht,NL,1063460,1356.0,Utrecht,Utrecht
Uttar Pradesh,IND,139112287,294411.0,Lucknow,Uttar Pradesh
Uusimaa,SF,1119000,,Helsinki,Uusimaa
Vaasa,SF,430000,,Vaasa,Vaasa
Vale of Glamorgan,GB,119200,337.0,Barry,Vale of Glamorgan
Valencia,E,3909047,23255.0,Valencia,Valencia
Valle,HCA,130900,1565.0,Nacaome,Valle
Valle dAosta,I,118000,3262.0,Aosta,Valle dAosta
Valle de Cauca,CO,3027247,22140.0,Cali,Valle de Cauca
Van,TR,637433,19069.0,Van,Van
Vanuatu,VU,177504,,Port-Vila,Vanuatu
Varmland,S,284187,17584.0,Karlstad,Varmland
Vas,H,273900,3337.0,Szombathely,Vas
Vaslui,RO,468000,5297.0,Vaslui,Vaslui
Vasterbotten,S,253835,55401.0,Umea,Vasterbotten
Vasternorrland,S,261280,21678.0,Harnosand,Vasternorrland
Vastmanland,S,259438,6302.0,Vasteras,Vastmanland
Vaupes,CO,26178,65268.0,Mitu,Vaupes
VD,CH,605677,3211.0,Lausanne,VD
Veneto,I,4415000,18364.0,Venice,Veneto
Veracruz,MEX,6737324,72815.0,Jalapa,Veracruz
Veraguas,PA,224700,11239.0,Santiago,Veraguas
Vermont,USA,588978,24900.0,Montpelier,Vermont
Vest Agder,N,140232,,Kristiansand,Vest Agder
Vestfold,N,191600,,Toensberg,Vestfold
Veszprem,H,378300,4689.0,Veszprem,Veszprem
Viana do Castelo,P,248700,2255.0,Viana do Castelo,Viana do Castelo
Vichada,CO,18702,100242.0,Puerto Carreno,Vichada
Victoria,AUS,4502200,227600.0,Melbourne,Victoria
Vienna,A,1583000,415.0,Vienna,Vienna
Vietnam,VN,73976973,,Hanoi,Vietnam
Vila Real,P,237100,4328.0,Vila Real,Vila Real
Vilcea,RO,430000,5705.0,Rimnicu Vilcea,Vilcea
Villa Clara,C,796000,8662.0,Santa Clara,Villa Clara
Vinnytska,UA,1914400,26500.0,Vinnytsya,Vinnytska
Virgin Islands,VIRG,97120,,Charlotte Amalie,Virgin Islands
Virginia,USA,6733996,105586.0,Richmond,Virginia
Viseu,P,401000,5007.0,Viseu,Viseu
Vladimirskaya oblast,R,1644700,29000.0,Vladimir,Vladimirskaya oblast
Volgogradskaya oblast,R,2703700,113900.0,Volgograd,Volgogradskaya oblast
Vologodskaya oblast,R,1349800,145700.0,Vologda,Vologodskaya oblast
Volynska,UA,1069000,20200.0,Lutsk,Volynska
Vorarlberg,A,341000,2601.0,Bregenz,Vorarlberg
Voreion Aiyaion,GR,189541,3836.0,Mytilini,Voreion Aiyaion
Voronezhskaya oblast,R,2503800,52400.0,Voronezh,Voronezhskaya oblast
Vrancea,RO,394000,4863.0,Focsani,Vrancea
VS,CH,271291,5224.0,Sion,VS
Vychodocesky,CZ,1240000,11240.0,Hradec Kralove,Vychodocesky
Wakayama,J,1080435,4725.0,Wakayama,Wakayama
Walbrzyskie,PL,740000,4168.0,Walbrzych,Walbrzyskie
Wallis and Futuna,WAFU,15289,,Mata-Utu,Wallis and Futuna
Warszwaskie,PL,2421000,3788.0,Warsaw,Warszwaskie
Warwickshire,GB,489900,1981.0,Warwick,Warwickshire
Washington,USA,5610362,176479.0,Olympia,Washington
Wasit,IRQ,546676,17153.0,Al Kut,Wasit
West Bank,WEST,1427741,,,
West Bengal,IND,68077965,88752.0,Calcutta,West Bengal
West Flanders,B,1111557,3134.0,Brugge,West Flanders
West Midlands,GB,2619000,899.0,Birmingham,West Midlands
West Sussex,GB,713600,1989.0,Chichester,West Sussex
West Virginia,USA,1815787,62761.0,Charleston,West Virginia
West Yorkshire,GB,2066200,2039.0,Wakefield,West Yorkshire
Western,EAK,2543000,8360.0,Kakamega,Western
Western,Z,575500,126386.0,Mongu,Western
Western Australia,AUS,1731700,2525500.0,Perth,Western Australia
Western Cape,RSA,4118000,129386.0,Cape Town,Western Cape
Western Sahara,WSA,222631,,El Aaiun,Western Sahara
Wiltshire,GB,575100,3480.0,Trowbridge,Wiltshire
Wisconsin,USA,5169677,145436.0,Madison,Wisconsin
Wloclawskie,PL,430800,4402.0,Wloclawek,Wloclawskie
Wrexham,GB,123500,499.0,Wrexham,Wrexham
Wroclawskie,PL,1132800,6287.0,Wroclaw,Wroclawskie
Wyoming,USA,479743,253324.0,Cheyenne,Wyoming
Xinjiang Uygur,TJ,16320000,1600000.0,Urumqi,Xinjiang Uygur
Yamagata,J,1256958,9327.0,Yamagata,Yamagata
Yamaguchi,J,1555543,6106.0,Yamaguchi,Yamaguchi
Yamanashi,J,881996,4463.0,Kofu,Yamanashi
Yangon,MYA,3965900,10171.0,Rangoon,Yangon
Yaracuy,YV,466152,7100.0,San Felipe,Yaracuy
Yaroslavskaya oblast,R,1451400,36400.0,Yaroslavl,Yaroslavskaya oblast
Yazd,IR,691119,70011.0,Yazd,Yazd
Yemen,YE,13483178,,Sanaa,Yemen
Yevreyskaya avt. oblast,R,209900,36000.0,Birobidzhan,Yevreyskaya avt. oblast
Yoro,HCA,370700,7939.0,Yoro,Yoro
Yozgat,TR,579150,14123.0,Yozgat,Yozgat
Yucatan,MEX,1556622,39340.0,Merida,Yucatan
Yukon Territory,CDN,30766,536324.0,Whitehorse,Yukon Territory
Yunnan,TJ,39390000,394000.0,Kunming,Yunnan
Zacatecas,MEX,1336496,75040.0,Zacatecas,Zacatecas
Zaire,ANG,192000,40130.0,Mbanza Congo,Zaire
Zakarpatska,UA,1265900,12800.0,Uzhhorod,Zakarpatska
Zala,H,302600,3786.0,Zalaegerszeg,Zala
Zambezia,MOC,2619300,105008.0,Quelimane,Zambezia
Zamojskie,PL,490800,6980.0,Zamosc,Zamojskie
Zanjan,IR,1776133,36398.0,Zanjan,Zanjan
Zapadocesky,CZ,869000,10875.0,Plzen,Zapadocesky
Zaporizka,UA,2099600,27200.0,Zaporizhzhya,Zaporizka
Zeeland,NL,365846,1791.0,Middelburg,Zeeland
ZG,CH,92392,238.0,Zug,ZG
ZH,CH,1175457,1728.0,Zurich,ZH
Zhambyl,KAZ,1039600,144300.0,Zhambyl,Zhambyl
Zhejiang,TJ,42940000,101800.0,Hangzhou,Zhejiang
Zhezkazghan,KAZ,484400,312600.0,Zhezkazghan,Zhezkazghan
Zhytomyrska,UA,1510700,29900.0,Zhytomyr,Zhytomyrska
Zielonogorskie,PL,664700,8868.0,Zielona Gora,Zielonogorskie
Ziguinchor,SN,394700,7339.0,Ziguinchor,Ziguinchor
Zimbabwe,ZW,11271314,,Harare,Zimbabwe
Zonguldak,TR,1073560,8629.0,Zonguldak,Zonguldak
Zuid Holland,NL,3325064,2859.0,s Gravenhage,Zuid Holland
Zulia,YV,2820250,63100.0,Maracaibo,Zulia
