"customer_id","first_name","last_name","email"
1,Ursola,Purdy,upurdy0@cdbaby.com
2,Ruthanne,Vatini,rvatini1@fema.gov
3,Reidar,Turbitt,rturbitt2@geocities.jp
4,Rich,Kirsz,rkirsz3@jalbum.net
5,Carline,Kupis,ckupis4@tamu.edu
6,Kandy,Adamec,kadamec5@weather.com
7,Jermain,Giraudeau,jgiraudeau6@elpais.com
8,Nolly,Bonicelli,nbonicelli7@examiner.com
9,Phebe,Curdell,pcurdell8@usa.gov
10,Euell,Guilder,eguilder9@themeforest.net
11,Teriann,Marritt,tmarritta@va.gov
12,Filmer,Douse,fdouseb@foxnews.com
13,Daisey,Lamball,dlamballc@skyrock.com
14,Gusella,Quogan,gquogand@whitehouse.gov
15,Lonnie,Cambden,lcambdene@gmpg.org
16,Debbi,Huyghe,dhuyghef@dot.gov
17,Ignace,Fursey,ifurseyg@hatena.ne.jp
18,Andrei,Jefferson,ajeffersonh@live.com
19,Sanford,Gillbe,sgillbei@telegraph.co.uk
20,Kali,Sedgebeer,ksedgebeerj@bbc.co.uk
21,Krishnah,Traite,ktraitek@state.gov
22,Alley,Selbie,aselbiel@moonfruit.com
23,Gilligan,Betteson,gbettesonm@paypal.com
24,Raul,Pentelow,rpentelown@zimbio.com
25,Garrek,Emnoney,gemnoneyo@nyu.edu
26,Mathilde,Kleanthous,mkleanthousp@tamu.edu
27,Dacy,Mabe,dmabeq@cloudflare.com
28,Rob,Handes,rhandesr@arstechnica.com
29,Rafaello,Boniface,rbonifaces@marriott.com
30,Matthiew,Donizeau,mdonizeaut@rakuten.co.jp
31,Tripp,Halsworth,thalsworthu@usa.gov
32,Noby,Burtenshaw,nburtenshawv@soundcloud.com
33,Penny,Bovingdon,pbovingdonw@msn.com
34,Peadar,Preator,ppreatorx@jiathis.com
35,Fee,Sancraft,fsancrafty@wikimedia.org
36,Ronny,Heathfield,rheathfieldz@youku.com
37,Travus,Skirven,tskirven10@google.com
38,Bailie,Curle,bcurle11@printfriendly.com
39,Ulrica,Fakes,ufakes12@army.mil
40,Natty,Bencher,nbencher13@hatena.ne.jp
41,Gertrude,Choak,gchoak14@skype.com
42,Anna-diana,Tilburn,atilburn15@simplemachines.org
43,La verne,Figg,lfigg16@blogspot.com
44,Nicolina,Scorthorne,nscorthorne17@dagondesign.com
45,Zora,Hurles,zhurles18@csmonitor.com
46,Hilary,Todeo,htodeo19@upenn.edu
47,Cissy,Hylands,chylands1a@reuters.com
48,Stephi,Egre,segre1b@usda.gov
49,Lynda,Roseborough,lroseborough1c@mtv.com
50,Melisse,Shailer,mshailer1d@blogtalkradio.com
51,Ignacius,Ivanisov,iivanisov1e@devhub.com
52,Levy,Thacker,lthacker1f@hc360.com
53,Garold,Kobisch,gkobisch1g@cdc.gov
54,Verene,Pettyfer,vpettyfer1h@e-recht24.de
55,Sianna,Piris,spiris1i@hao123.com
56,Billi,Hughland,bhughland1j@usatoday.com
57,Doyle,Shimwell,dshimwell1k@ox.ac.uk
58,Jeni,Swarbrigg,jswarbrigg1l@ustream.tv
59,Emylee,Hubbert,ehubbert1m@themeforest.net
60,Kincaid,De Avenell,kdeavenell1n@wikia.com
61,Joly,Oldred,joldred1o@who.int
62,Heywood,Hearty,hhearty1p@whitehouse.gov
63,Margette,Cawdell,mcawdell1q@wikispaces.com
64,Zia,Roizin,zroizin1r@cnbc.com
65,Noelle,Duke,nduke1s@printfriendly.com
66,Carlene,Robbings,crobbings1t@gov.uk
67,Arlene,Ebanks,aebanks1u@issuu.com
68,Renado,Sherrington,rsherrington1v@symantec.com
69,Verney,Fabri,vfabri1w@usnews.com
70,Antonella,Scotchbourouge,ascotchbourouge1x@npr.org
71,Corinne,Chimienti,cchimienti1y@weather.com
72,Gustavo,Sidnall,gsidnall1z@prlog.org
73,Ruthi,McGeever,rmcgeever20@sakura.ne.jp
74,Ozzie,Petters,opetters21@rediff.com
75,Enrichetta,Morrill,emorrill22@irs.gov
76,Randall,Gilcrist,rgilcrist23@jiathis.com
77,Bernhard,Medgwick,bmedgwick24@e-recht24.de
78,Lotte,Gillcrist,lgillcrist25@cocolog-nifty.com
79,Lyn,Abethell,labethell26@unblog.fr
80,Travus,Sheraton,tsheraton27@elpais.com
81,Moss,Zarb,mzarb28@ucoz.com
82,Giselle,Betton,gbetton29@1und1.de
83,Berti,Gowlett,bgowlett2a@pagesperso-orange.fr
84,Gabriellia,Eastway,geastway2b@yellowpages.com
85,York,Londsdale,ylondsdale2c@liveinternet.ru
86,Amitie,Filasov,afilasov2d@ftc.gov
87,Tricia,Saull,tsaull2e@gnu.org
88,Marcelia,Goering,mgoering2f@prlog.org
89,Bennie,Mepsted,bmepsted2g@g.co
90,Lucas,Wyldbore,lwyldbore2h@github.io
91,Rozanna,Artin,rartin2i@topsy.com
92,Gustav,Mulgrew,gmulgrew2j@hexun.com
93,Frannie,Battisson,fbattisson2k@shinystat.com
94,Leanor,Ortler,lortler2l@wikimedia.org
95,Ardra,Tripony,atripony2m@chron.com
96,Lannie,Michurin,lmichurin2n@163.com
97,Noellyn,Sanderson,nsanderson2o@webnode.com
98,Coretta,Dublin,cdublin2p@time.com
99,Lianne,Gorry,lgorry2q@chronoengine.com
100,Dud,Pusill,dpusill2r@digg.com
101,Nicolette,Sadler,nsadler2s@salon.com
102,Didi,Bette,dbette2t@skype.com
103,Cinda,Abrahim,cabrahim2u@washingtonpost.com
104,Ann,Biggar,abiggar2v@gmpg.org
105,Carly,Whiskerd,cwhiskerd2w@google.it
106,Farrel,Eckels,feckels2x@hatena.ne.jp
107,Estelle,Alton,ealton2y@vimeo.com
108,Orv,Strover,ostrover2z@yelp.com
109,Hermon,Dymoke,hdymoke30@123-reg.co.uk
110,Olympie,Roylance,oroylance31@abc.net.au
111,Olympe,Dovinson,odovinson32@last.fm
112,Rodd,Diplock,rdiplock33@arstechnica.com
113,Calypso,Sorbie,csorbie34@xing.com
114,Aurelie,MacSherry,amacsherry35@is.gd
115,Zebulen,Haggar,zhaggar36@mozilla.org
116,Shae,Leser,sleser37@forbes.com
117,Johnette,Entwistle,jentwistle38@reverbnation.com
118,Jocelyn,Budding,jbudding39@google.nl
119,Andree,Luscott,aluscott3a@symantec.com
120,Monro,Deniset,mdeniset3b@mail.ru
121,Isidora,De Gogay,idegogay3c@merriam-webster.com
122,Reagen,Lavrinov,rlavrinov3d@webeden.co.uk
123,Francine,Sier,fsier3e@ihg.com
124,Modesta,Gullefant,mgullefant3f@businessinsider.com
125,Thaddeus,Kivelle,tkivelle3g@plala.or.jp
126,Otha,Putton,oputton3h@digg.com
127,Forster,Syddall,fsyddall3i@google.es
128,Leonard,Ethersey,lethersey3j@oracle.com
129,Gordan,Toft,gtoft3k@about.com
130,Franciskus,Minchinden,fminchinden3l@ycombinator.com
131,Olga,Allcott,oallcott3m@fda.gov
132,Artie,Coltan,acoltan3n@usatoday.com
133,Letizia,Febvre,lfebvre3o@fema.gov
134,Helyn,Carrol,hcarrol3p@adobe.com
135,Mick,Sever,msever3q@statcounter.com
136,Emerson,Crosi,ecrosi3r@lulu.com
137,Pierrette,Diess,pdiess3s@mozilla.org
138,Leela,Jeffry,ljeffry3t@patch.com
139,Marlo,Jeannin,mjeannin3u@lulu.com
140,Sylvester,Eaton,seaton3v@mozilla.org
141,Tracey,Abel,tabel3w@storify.com
142,Minny,Gilleon,mgilleon3x@discovery.com
143,Stacy,Curson,scurson3y@alexa.com
144,Nickolai,Domenget,ndomenget3z@businessweek.com
145,Leroy,Warlawe,lwarlawe40@cafepress.com
146,Reece,Cleaveland,rcleaveland41@cbsnews.com
147,Andre,Brocklehurst,abrocklehurst42@wordpress.org
148,Farand,Tremmil,ftremmil43@telegraph.co.uk
149,Richard,Itzkovici,ritzkovici44@cargocollective.com
150,Dyann,Kertess,dkertess45@mysql.com
151,Camille,Wethers,cwethers46@washington.edu
152,Franky,Duchart,fduchart47@issuu.com
153,Cully,Diggin,cdiggin48@fastcompany.com
154,Dedra,Ogus,dogus49@tiny.cc
155,Alysa,Crombleholme,acrombleholme4a@cisco.com
156,Jammal,Abelovitz,jabelovitz4b@reverbnation.com
157,Javier,Cretney,jcretney4c@ameblo.jp
158,Rozamond,Farrell,rfarrell4d@harvard.edu
159,Worden,Trengove,wtrengove4e@people.com.cn
160,Jonis,Loseby,jloseby4f@google.it
161,Addie,Basterfield,abasterfield4g@rakuten.co.jp
162,Avictor,Salsbury,asalsbury4h@linkedin.com
163,Ardra,Moogan,amoogan4i@salon.com
164,Hayyim,Benham,hbenham4j@prweb.com
165,Sigfried,Davoren,sdavoren4k@google.com.hk
166,Myles,Salasar,msalasar4l@dion.ne.jp
167,Hervey,Erik,herik4m@zimbio.com
168,Lynsey,McPeice,lmcpeice4n@technorati.com
169,Roberto,Swiggs,rswiggs4o@imdb.com
170,Ronnie,Thaim,rthaim4p@arstechnica.com
171,Lucie,Bartlam,lbartlam4q@cyberchimps.com
172,Gabi,Turle,gturle4r@pcworld.com
173,Pepillo,Cattrall,pcattrall4s@vimeo.com
174,Zachery,Hriinchenko,zhriinchenko4t@ocn.ne.jp
175,Trevor,Muffitt,tmuffitt4u@exblog.jp
176,Erena,Glede,eglede4v@reuters.com
177,Guillemette,Strothers,gstrothers4w@hexun.com
178,Barr,Safe,bsafe4x@tamu.edu
179,Carver,Haugen,chaugen4y@list-manage.com
180,Shay,Flaverty,sflaverty4z@ow.ly
181,Faber,Cline,fcline50@toplist.cz
182,Randal,Grise,rgrise51@g.co
183,Urbanus,Renfield,urenfield52@aboutads.info
184,Ruttger,Royce,rroyce53@google.es
185,Cad,Tomas,ctomas54@typepad.com
186,Constance,Raeburn,craeburn55@loc.gov
187,Miner,McLay,mmclay56@plala.or.jp
188,Jonell,Cescon,jcescon57@arizona.edu
189,Yance,Hartwright,yhartwright58@surveymonkey.com
190,Lyndy,Redmond,lredmond59@yandex.ru
191,Esmeralda,Swinfen,eswinfen5a@ovh.net
192,Abraham,Skudder,askudder5b@sitemeter.com
193,Jodie,Fenge,jfenge5c@elpais.com
194,Dorelia,Chilley,dchilley5d@sun.com
195,Edward,Kenealy,ekenealy5e@mysql.com
196,Dusty,Merrikin,dmerrikin5f@ft.com
197,Koralle,Ricarde,kricarde5g@cdc.gov
198,Lynette,Davidofski,ldavidofski5h@nbcnews.com
199,Bjorn,McCloud,bmccloud5i@aboutads.info
200,Benedict,Kehir,bkehir5j@4shared.com
201,Sherline,Sivell,ssivell5k@weibo.com
202,Dolf,Theurer,dtheurer5l@fda.gov
203,Dud,Full,dfull5m@privacy.gov.au
204,Birgit,Shreeve,bshreeve5n@seesaa.net
205,Seth,Druhan,sdruhan5o@goo.gl
206,Tine,Bastow,tbastow5p@omniture.com
207,Emory,Bagniuk,ebagniuk5q@freewebs.com
208,Ivory,Perillo,iperillo5r@dagondesign.com
209,Anthe,Erdes,aerdes5s@nydailynews.com
210,Letisha,Bielby,lbielby5t@mtv.com
211,Desiri,MacDunleavy,dmacdunleavy5u@behance.net
212,Hi,Goodredge,hgoodredge5v@ovh.net
213,Hayden,Andrew,handrew5w@lulu.com
214,Sal,Colloby,scolloby5x@123-reg.co.uk
215,Kathi,Rheam,krheam5y@wikimedia.org
216,Waiter,Ridel,wridel5z@taobao.com
217,Rustin,Cadden,rcadden60@goo.ne.jp
218,Abbot,Tesseyman,atesseyman61@hc360.com
219,Tami,Gyer,tgyer62@wikipedia.org
220,Worthington,Maxstead,wmaxstead63@ft.com
221,Parker,Strangman,pstrangman64@barnesandnoble.com
222,Catrina,Shortan,cshortan65@sciencedirect.com
223,Mahalia,Full,mfull66@amazonaws.com
224,Merle,Genders,mgenders67@prlog.org
225,Cecily,Norley,cnorley68@chicagotribune.com
226,Reynard,Tordoff,rtordoff69@springer.com
227,Greta,Wharby,gwharby6a@nyu.edu
228,Padriac,Karolyi,pkarolyi6b@mtv.com
229,Carrie,Arran,carran6c@dion.ne.jp
230,Marlane,Graveson,mgraveson6d@slate.com
231,Pavla,Marzello,pmarzello6e@oracle.com
232,Marti,Cassely,mcassely6f@japanpost.jp
233,Blake,Carson,bcarson6g@microsoft.com
234,Murray,Senussi,msenussi6h@shareasale.com
235,Tarrah,Chiechio,tchiechio6i@microsoft.com
236,Kaspar,Scanlon,kscanlon6j@tinyurl.com
237,Eachelle,Adamec,eadamec6k@reverbnation.com
238,Cathrine,Soda,csoda6l@unc.edu
239,Stavros,Murney,smurney6m@marketwatch.com
240,Fletch,Canfield,fcanfield6n@bigcartel.com
241,Francis,Cutmore,fcutmore6o@domainmarket.com
242,Valerye,Marrable,vmarrable6p@archive.org
243,Steffen,Brunstan,sbrunstan6q@topsy.com
244,Melany,Viscovi,mviscovi6r@ed.gov
245,Kaela,Isaq,kisaq6s@wiley.com
246,Alli,Puttergill,aputtergill6t@xing.com
247,Morris,Morales,mmorales6u@zdnet.com
248,Edyth,Revie,erevie6v@liveinternet.ru
249,Van,Glayzer,vglayzer6w@list-manage.com
250,Fabio,Hawksley,fhawksley6x@mozilla.org
251,Chrissy,Notton,cnotton6y@sbwire.com
252,Dorothee,Service,dservice6z@sciencedirect.com
253,Licha,Broadwell,lbroadwell70@craigslist.org
254,Bobette,Lewendon,blewendon71@mac.com
255,Nolan,More,nmore72@census.gov
256,Sidnee,Thurby,sthurby73@goodreads.com
257,Artemas,Frankiewicz,afrankiewicz74@google.co.jp
258,Lothaire,Wake,lwake75@webeden.co.uk
259,Robby,Hadye,rhadye76@wikipedia.org
260,Carina,Brotherhood,cbrotherhood77@zimbio.com
261,Walton,Kindall,wkindall78@mayoclinic.com
262,Beverie,Tapson,btapson79@earthlink.net
263,Adeline,Sellner,asellner7a@yelp.com
264,Leese,Birtwhistle,lbirtwhistle7b@si.edu
265,Fania,Jeanesson,fjeanesson7c@walmart.com
266,Nadean,Birtwhistle,nbirtwhistle7d@blogger.com
267,Derrek,Kops,dkops7e@toplist.cz
268,Ty,Strutton,tstrutton7f@qq.com
269,Tab,Block,tblock7g@mit.edu
270,Merry,Coenraets,mcoenraets7h@utexas.edu
271,Shayna,Farbrother,sfarbrother7i@dailymotion.com
272,Alaster,Lemmers,alemmers7j@cornell.edu
273,Malchy,Drissell,mdrissell7k@umich.edu
274,Mortimer,Hauch,mhauch7l@wordpress.com
275,Jeremiah,De Lascy,jdelascy7m@home.pl
276,Gaylor,Polack,gpolack7n@nydailynews.com
277,Joelie,Menhci,jmenhci7o@livejournal.com
278,Gonzalo,Perch,gperch7p@vinaora.com
279,Ardeen,Greenstreet,agreenstreet7q@accuweather.com
280,Isahella,Flinn,iflinn7r@lycos.com
281,Bobette,Domerq,bdomerq7s@behance.net
282,Andie,Henniger,ahenniger7t@de.vu
283,Morly,Albone,malbone7u@imdb.com
284,Jamill,Brimson,jbrimson7v@jugem.jp
285,Aube,Prator,aprator7w@unicef.org
286,Shamus,Weavill,sweavill7x@acquirethisname.com
287,Hillery,Hallifax,hhallifax7y@google.pl
288,Peirce,Strainge,pstrainge7z@vk.com
289,Rutter,Corp,rcorp80@wikispaces.com
290,Denna,Orwin,dorwin81@xing.com
291,Carter,Dannell,cdannell82@booking.com
292,Redd,Foyston,rfoyston83@zimbio.com
293,Jenna,Zettler,jzettler84@webs.com
294,Cristina,Lewty,clewty85@cornell.edu
295,Morley,Jiras,mjiras86@blogspot.com
296,Sosanna,Hubane,shubane87@csmonitor.com
297,Bili,Stanyforth,bstanyforth88@hubpages.com
298,Rafaelia,Mitroshinov,rmitroshinov89@1688.com
299,Yvonne,Maccree,ymaccree8a@mac.com
300,Fernande,L'Episcopio,flepiscopio8b@smugmug.com
301,Mignon,Ranger,mranger8c@accuweather.com
302,Delmore,Tamplin,dtamplin8d@ibm.com
303,Burke,Strute,bstrute8e@utexas.edu
304,Leone,Utterson,lutterson8f@umn.edu
305,Osmund,Fattore,ofattore8g@taobao.com
306,Vladamir,Ellerey,vellerey8h@upenn.edu
307,Corabella,Whittam,cwhittam8i@reddit.com
308,Letti,Duligall,lduligall8j@photobucket.com
309,Lonni,Janus,ljanus8k@icq.com
310,Neddie,Buy,nbuy8l@bravesites.com
311,Ansell,Johnson,ajohnson8m@creativecommons.org
312,Arda,Wanderschek,awanderschek8n@wordpress.org
313,Herc,Matthewson,hmatthewson8o@google.ca
314,Gallard,Whanstall,gwhanstall8p@nba.com
315,Isak,Geipel,igeipel8q@hud.gov
316,Shelton,Leyfield,sleyfield8r@nps.gov
317,Stesha,McAlees,smcalees8s@wikispaces.com
318,Lonee,Bellefant,lbellefant8t@blogs.com
319,Win,McManamon,wmcmanamon8u@ovh.net
320,Hubey,Bagshawe,hbagshawe8v@ted.com
321,Stephine,Madsen,smadsen8w@seesaa.net
322,Reid,Hattrick,rhattrick8x@theglobeandmail.com
323,Chicky,Tumini,ctumini8y@moonfruit.com
324,Jemima,Hugonin,jhugonin8z@sohu.com
325,Hamnet,Fogt,hfogt90@nps.gov
326,Miguel,Fieldsend,mfieldsend91@cornell.edu
327,Oran,Pittet,opittet92@etsy.com
328,Aguistin,Trounce,atrounce93@hibu.com
329,Noreen,Baumert,nbaumert94@4shared.com
330,Jacquelyn,Thewlis,jthewlis95@nydailynews.com
331,Eb,Sydenham,esydenham96@domainmarket.com
332,Ralph,Mobley,rmobley97@w3.org
333,Blancha,Facer,bfacer98@live.com
334,Mariya,Taber,mtaber99@mayoclinic.com
335,Margaretha,Praundl,mpraundl9a@fastcompany.com
336,Brina,Postill,bpostill9b@fda.gov
337,Chiquita,Ede,cede9c@alibaba.com
338,Thorstein,Roskelly,troskelly9d@macromedia.com
339,Dahlia,Pagelsen,dpagelsen9e@fema.gov
340,Nani,Long,nlong9f@hexun.com
341,Velma,Fleetham,vfleetham9g@networksolutions.com
342,Harris,Filpi,hfilpi9h@theguardian.com
343,Fawn,Bythway,fbythway9i@rambler.ru
344,Mariette,Tulley,mtulley9j@yahoo.co.jp
345,Jeniece,Delves,jdelves9k@bandcamp.com
346,Benjie,Cardnell,bcardnell9l@nba.com
347,Ephrem,Mc Ilwrick,emcilwrick9m@wikimedia.org
348,Odessa,Reece,oreece9n@networkadvertising.org
349,Kaitlyn,Basill,kbasill9o@webeden.co.uk
350,Aron,Buxsey,abuxsey9p@wunderground.com
351,Rodina,Poleye,rpoleye9q@sourceforge.net
352,Rocky,Rockall,rrockall9r@pen.io
353,Lorita,Underdown,lunderdown9s@newsvine.com
354,Cornie,Frary,cfrary9t@artisteer.com
355,Cly,Pethrick,cpethrick9u@issuu.com
356,Boothe,Chalmers,bchalmers9v@skyrock.com
357,Jon,Del Castello,jdelcastello9w@gravatar.com
358,Harri,Syers,hsyers9x@theglobeandmail.com
359,Anderea,Maylott,amaylott9y@theatlantic.com
360,Dulci,Portman,dportman9z@phoca.cz
361,Lucilia,Partleton,lpartletona0@auda.org.au
362,Alta,Dundredge,adundredgea1@cnet.com
363,Talbert,Vedenyakin,tvedenyakina2@privacy.gov.au
364,Melvyn,Iwanicki,miwanickia3@hatena.ne.jp
365,Lucy,Jacklin,ljacklina4@earthlink.net
366,Giulia,Borrowman,gborrowmana5@github.com
367,Charlton,Brimner,cbrimnera6@digg.com
368,Nevil,Tavinor,ntavinora7@blogspot.com
369,Arvy,Jobbing,ajobbinga8@alibaba.com
370,Fayette,Dillway,fdillwaya9@about.com
371,Rozella,Gwilt,rgwiltaa@ed.gov
372,Rockwell,Ilyunin,rilyuninab@hubpages.com
373,Malinda,Mapstone,mmapstoneac@livejournal.com
374,Dixie,Devenish,ddevenishad@newyorker.com
375,Barny,Shadwick,bshadwickae@nymag.com
376,Bridgette,Sailer,bsaileraf@desdev.cn
377,Avram,Febre,afebreag@go.com
378,Pattie,Blues,pbluesah@sakura.ne.jp
379,Roch,Columbine,rcolumbineai@dyndns.org
380,Hyacinth,Medlicott,hmedlicottaj@a8.net
381,Hall,Jerome,hjeromeak@jalbum.net
382,Adah,Cotty,acottyal@cbslocal.com
383,Mikkel,Youle,myouleam@infoseek.co.jp
384,Amalita,Digginson,adigginsonan@friendfeed.com
385,Alanah,Abramovici,aabramoviciao@hp.com
386,Vance,Schutter,vschutterap@blinklist.com
387,Ashlee,Bourne,abourneaq@barnesandnoble.com
388,Jeramie,Leggis,jleggisar@google.es
389,Sibley,Lobb,slobbas@cam.ac.uk
390,Emlyn,Stanney,estanneyat@hatena.ne.jp
391,Felix,Gallardo,fgallardoau@telegraph.co.uk
392,Maressa,Stolte,mstolteav@discovery.com
393,Lindy,Espina,lespinaaw@4shared.com
394,Pris,Colleymore,pcolleymoreax@google.it
395,Oates,Gosz,ogoszay@canalblog.com
396,Shara,Cathro,scathroaz@hubpages.com
397,Shandee,Jenicke,sjenickeb0@yellowpages.com
398,Tommy,Badsworth,tbadsworthb1@thetimes.co.uk
399,Vince,Nesbit,vnesbitb2@shinystat.com
400,Mil,Lindley,mlindleyb3@cisco.com
401,Gil,Perfili,gperfilib4@apple.com
402,Charlean,Palphramand,cpalphramandb5@amazonaws.com
403,Westley,Gammie,wgammieb6@youtube.com
404,Georgette,Hurt,ghurtb7@answers.com
405,Bertrand,Attreed,battreedb8@phoca.cz
406,Seline,Vasyutin,svasyutinb9@ucsd.edu
407,Luella,Bernardino,lbernardinoba@constantcontact.com
408,Sher,Chaffin,schaffinbb@mail.ru
409,Onfroi,Oakenfield,ooakenfieldbc@uiuc.edu
410,Rriocard,McPhail,rmcphailbd@huffingtonpost.com
411,Maddy,Climar,mclimarbe@free.fr
412,Cynthy,Woolham,cwoolhambf@de.vu
413,Sigfried,Mansel,smanselbg@about.com
414,Kerstin,Stormonth,kstormonthbh@chron.com
415,Victoria,Moukes,vmoukesbi@comsenz.com
416,Zaria,MacCafferky,zmaccafferkybj@trellian.com
417,Devin,Iacoviello,diacoviellobk@zdnet.com
418,Elsey,Tresvina,etresvinabl@usatoday.com
419,Glenine,Nare,gnarebm@wiley.com
420,Cathrine,Nickell,cnickellbn@mtv.com
421,Heinrik,Sibylla,hsibyllabo@theatlantic.com
422,Dian,Lesaunier,dlesaunierbp@foxnews.com
423,Giorgia,Edler,gedlerbq@cmu.edu
424,Pet,Roskruge,proskrugebr@java.com
425,Lorilee,Yesinov,lyesinovbs@whitehouse.gov
426,Mort,Zienkiewicz,mzienkiewiczbt@ihg.com
427,Britt,Legendre,blegendrebu@infoseek.co.jp
428,Yance,Basini-Gazzi,ybasinigazzibv@aboutads.info
429,Danit,Darbyshire,ddarbyshirebw@oaic.gov.au
430,Adrian,Kunzelmann,akunzelmannbx@state.gov
431,Robert,Swedeland,rswedelandby@desdev.cn
432,Mara,Georgievski,mgeorgievskibz@ebay.com
433,Cleve,Wegener,cwegenerc0@xinhuanet.com
434,Anni,Maase,amaasec1@myspace.com
435,Kent,Trippitt,ktrippittc2@1und1.de
436,Erma,Realy,erealyc3@facebook.com
437,Sherline,Degli Antoni,sdegliantonic4@yellowbook.com
438,Rebekkah,Slipper,rslipperc5@weebly.com
439,Inglis,Newberry,inewberryc6@wired.com
440,Dulci,Barme,dbarmec7@cam.ac.uk
441,Grissel,Ancliff,gancliffc8@ca.gov
442,Judas,Quillinane,jquillinanec9@friendfeed.com
443,Ofella,Juzek,ojuzekca@artisteer.com
444,Angil,Savatier,asavatiercb@wsj.com
445,Onfroi,Ottewell,oottewellcc@google.com.hk
446,Ly,Breit,lbreitcd@baidu.com
447,Morgan,Snaden,msnadence@paypal.com
448,Judas,Ortell,jortellcf@usatoday.com
449,Kathleen,Fenemore,kfenemorecg@wix.com
450,Shir,Armytage,sarmytagech@chron.com
451,Bethina,Cady,bcadyci@squarespace.com
452,Koenraad,Kingsnoad,kkingsnoadcj@who.int
453,Morey,Bastone,mbastoneck@netlog.com
454,Cross,Laxton,claxtoncl@ucoz.com
455,Joycelin,Pagon,jpagoncm@is.gd
456,Hestia,Westhofer,hwesthofercn@reverbnation.com
457,Keely,Robinson,krobinsonco@google.nl
458,Margareta,Rentalll,mrentalllcp@cam.ac.uk
459,Lebbie,Eskrigg,leskriggcq@cloudflare.com
460,Genna,Bontine,gbontinecr@shutterfly.com
461,Crista,Wherton,cwhertoncs@wikia.com
462,Grant,Righy,grighyct@ask.com
463,Dorothy,Brizland,dbrizlandcu@blogger.com
464,Randall,Leslie,rlesliecv@ebay.co.uk
465,Micky,Pontin,mpontincw@desdev.cn
466,Nikki,Shearsby,nshearsbycx@yellowpages.com
467,Barnaby,Golagley,bgolagleycy@europa.eu
468,Sargent,Inwood,sinwoodcz@odnoklassniki.ru
469,Lammond,Boys,lboysd0@forbes.com
470,Shirley,Elson,selsond1@google.fr
471,Brenn,Corneljes,bcorneljesd2@technorati.com
472,Hazlett,Colqueran,hcolquerand3@guardian.co.uk
473,Simona,Prahm,sprahmd4@joomla.org
474,Leanor,Smither,lsmitherd5@ted.com
475,Elbertina,Holleworth,eholleworthd6@shareasale.com
476,Reuben,Mayne,rmayned7@sciencedaily.com
477,Elwin,Frede,efreded8@wordpress.org
478,Ardelis,Trythall,atrythalld9@vk.com
479,Amity,Dash,adashda@accuweather.com
480,Wendell,Bernhardsson,wbernhardssondb@uiuc.edu
481,Kaleb,MacClenan,kmacclenandc@ocn.ne.jp
482,Vernen,Newnham,vnewnhamdd@cmu.edu
483,Antonie,Liebmann,aliebmannde@blogs.com
484,Welby,Reyes,wreyesdf@sciencedaily.com
485,Jinny,Meader,jmeaderdg@examiner.com
486,Becka,Scarlin,bscarlindh@phoca.cz
487,Di,Draxford,ddraxforddi@noaa.gov
488,Raquela,Gwilliam,rgwilliamdj@typepad.com
489,Aurore,Lebarree,alebarreedk@xing.com
490,Jolyn,Padly,jpadlydl@biblegateway.com
491,Jayme,Benge,jbengedm@goodreads.com
492,Tirrell,Littler,tlittlerdn@etsy.com
493,Anastasia,Brilon,abrilondo@bing.com
494,Zia,Iacabucci,ziacabuccidp@sitemeter.com
495,Della,Mirrlees,dmirrleesdq@gov.uk
496,Hayden,Towriss,htowrissdr@columbia.edu
497,Ailina,Gladhill,agladhillds@pcworld.com
498,Loleta,Mitchall,lmitchalldt@creativecommons.org
499,Herculie,Fruin,hfruindu@liveinternet.ru
500,Aurelia,MacGowan,amacgowandv@opera.com
501,Salome,Elliman,sellimandw@1688.com
502,Dodi,Gotobed,dgotobeddx@epa.gov
503,Ricki,Woollons,rwoollonsdy@cisco.com
504,Trula,D'Arrigo,tdarrigodz@netvibes.com
505,Jenilee,Ayliffe,jayliffee0@ycombinator.com
506,Torin,Brokenshaw,tbrokenshawe1@marketwatch.com
507,Lawrence,De Cristofalo,ldecristofaloe2@pen.io
508,Vivie,Crabtree,vcrabtreee3@i2i.jp
509,Isiahi,Kezourec,ikezourece4@mayoclinic.com
510,Marya,Harradine,mharradinee5@altervista.org
511,Marcelle,Woolgar,mwoolgare6@shareasale.com
512,Rachele,Ingarfill,ringarfille7@ucoz.com
513,Fallon,Cromwell,fcromwelle8@wordpress.com
514,Weston,Aulton,waultone9@acquirethisname.com
515,Ronda,Scoble,rscobleea@nasa.gov
516,Beniamino,Rillatt,brillatteb@blogspot.com
517,Jourdan,Lounds,jloundsec@nydailynews.com
518,Durant,Thebe,dthebeed@loc.gov
519,Mona,Eckery,meckeryee@miitbeian.gov.cn
520,Rad,Bernth,rbernthef@jugem.jp
521,Chevalier,Gowenlock,cgowenlockeg@hugedomains.com
522,Ulrika,Rope,uropeeh@imgur.com
523,Alida,Wapples,awapplesei@ox.ac.uk
524,Jarid,Mauchline,jmauchlineej@hp.com
525,Cristi,Boustred,cboustredek@bing.com
526,Keane,Adamoli,kadamoliel@prnewswire.com
527,Hirsch,Pickworth,hpickworthem@shinystat.com
528,Laurel,Brassington,lbrassingtonen@smh.com.au
529,Kienan,Fenkel,kfenkeleo@amazon.co.uk
530,Leonanie,Nolleth,lnollethep@4shared.com
531,Ailina,Arthur,aarthureq@reuters.com
532,Fran,Hourigan,fhouriganer@ning.com
533,Stuart,Slyford,sslyfordes@ucoz.com
534,Chastity,Cornewall,ccornewallet@dailymail.co.uk
535,Emelen,Duckworth,educkwortheu@moonfruit.com
536,Crysta,Hibling,chiblingev@marketwatch.com
537,Catina,Cromar,ccromarew@quantcast.com
538,Dottie,Poyntz,dpoyntzex@europa.eu
539,Jane,McCreath,jmccreathey@samsung.com
540,Tonya,Eitter,teitterez@google.com.br
541,Vina,Parks,vparksf0@patch.com
542,Lyndy,Newcom,lnewcomf1@topsy.com
543,Tierney,Sturte,tsturtef2@army.mil
544,Winifield,Esh,weshf3@icio.us
545,Nowell,Handke,nhandkef4@cpanel.net
546,Danice,Matthiesen,dmatthiesenf5@i2i.jp
547,Fabe,Filintsev,ffilintsevf6@boston.com
548,Poppy,Curnucke,pcurnuckef7@go.com
549,Lorelle,Davidson,ldavidsonf8@admin.ch
550,Sean,Kringe,skringef9@alibaba.com
551,Deonne,Lowen,dlowenfa@freewebs.com
552,Elianora,Golder,egolderfb@google.ru
553,Meridel,Bradborne,mbradbornefc@dmoz.org
554,Jammie,Boosey,jbooseyfd@bbc.co.uk
555,Patsy,Hicks,phicksfe@pinterest.com
556,Genni,Livingstone,glivingstoneff@hp.com
557,Meier,Allbones,mallbonesfg@sogou.com
558,Agnella,Massie,amassiefh@google.ca
559,Cthrine,Spence,cspencefi@cnbc.com
560,Donia,Jannings,djanningsfj@bizjournals.com
561,Tammie,Middle,tmiddlefk@acquirethisname.com
562,Eddi,De Mattei,edematteifl@latimes.com
563,Monte,Birdall,mbirdallfm@businesswire.com
564,Frayda,Glaze,fglazefn@prnewswire.com
565,Theo,Maureen,tmaureenfo@youku.com
566,Kissie,Sneller,ksnellerfp@vk.com
567,Rivkah,Flott,rflottfq@amazon.de
568,Raquel,Coleford,rcolefordfr@indiegogo.com
569,Shirlene,Southward,ssouthwardfs@godaddy.com
570,Astrid,Moules,amoulesft@networkadvertising.org
571,Freeman,Blore,fblorefu@comcast.net
572,Hardy,Studdert,hstuddertfv@flavors.me
573,Marlin,Tackle,mtacklefw@mit.edu
574,Shermy,Pauls,spaulsfx@google.pl
575,Ilise,Byfford,ibyffordfy@ebay.com
576,Fiona,Elderbrant,felderbrantfz@163.com
577,Dicky,Hof,dhofg0@tumblr.com
578,Lynea,Matskevich,lmatskevichg1@japanpost.jp
579,Bennie,Trigg,btriggg2@stanford.edu
580,Maighdiln,Damiral,mdamiralg3@google.com.hk
581,Robyn,Westpfel,rwestpfelg4@blogtalkradio.com
582,Roseann,Utridge,rutridgeg5@free.fr
583,Aprilette,Winborn,awinborng6@kickstarter.com
584,Iolanthe,Alliot,ialliotg7@naver.com
585,Leoline,Colrein,lcolreing8@europa.eu
586,Harrie,Malt,hmaltg9@walmart.com
587,Puff,Owthwaite,powthwaitega@xing.com
588,Rock,Collyns,rcollynsgb@washington.edu
589,Aldridge,Sharrier,asharriergc@clickbank.net
590,Josephina,Bunson,jbunsongd@biglobe.ne.jp
591,Wain,Michel,wmichelge@samsung.com
592,Staford,Antognazzi,santognazzigf@chronoengine.com
593,Lorita,Ouldred,louldredgg@wordpress.org
594,Derek,Schober,dschobergh@networksolutions.com
595,Pearl,Nutbeem,pnutbeemgi@sitemeter.com
596,Gerianna,Valente,gvalentegj@wunderground.com
597,Patty,O'Rudden,poruddengk@ted.com
598,Paxton,Baroux,pbarouxgl@free.fr
599,Jamesy,Scandred,jscandredgm@imdb.com
600,Sallee,Heaviside,sheavisidegn@oakley.com
601,Kerry,Pepis,kpepisgo@163.com
602,Wat,Probart,wprobartgp@prlog.org
603,Craig,Graine,cgrainegq@altervista.org
604,Agace,MacKinnon,amackinnongr@live.com
605,Clayborn,Greenfield,cgreenfieldgs@stumbleupon.com
606,Neall,Fligg,nfligggt@1688.com
607,Rosetta,Clegg,rclegggu@skyrock.com
608,Sigismondo,Collicott,scollicottgv@youtu.be
609,Isadora,Kittoe,ikittoegw@biblegateway.com
610,Regan,Athersmith,rathersmithgx@newyorker.com
611,Grantley,Sanderson,gsandersongy@bloglines.com
612,Gerianna,Vinecombe,gvinecombegz@admin.ch
613,Lorne,Blaney,lblaneyh0@trellian.com
614,Thorstein,Crufts,tcruftsh1@yahoo.com
615,Mamie,Weathers,mweathersh2@simplemachines.org
616,Culver,Seys,cseysh3@tiny.cc
617,Valentine,Fonteyne,vfonteyneh4@livejournal.com
618,Melissa,Capoun,mcapounh5@illinois.edu
619,Craig,D'Acth,cdacthh6@jigsy.com
620,Salomone,Rummin,srumminh7@opera.com
621,Keely,Ferebee,kferebeeh8@senate.gov
622,Alisa,Normanell,anormanellh9@bluehost.com
623,Frederik,Dasent,fdasentha@rakuten.co.jp
624,Sidonnie,Bartel,sbartelhb@plala.or.jp
625,Merwyn,Marshallsay,mmarshallsayhc@bloglines.com
626,Audy,Dods,adodshd@fema.gov
627,Ellerey,Mucklestone,emucklestonehe@domainmarket.com
628,Carey,Paolini,cpaolinihf@admin.ch
629,Nicko,Coppard,ncoppardhg@loc.gov
630,Tarrah,Tullot,ttullothh@aboutads.info
631,Dare,Danelut,ddaneluthi@amazon.co.jp
632,Zarah,Huerta,zhuertahj@goo.gl
633,Pierette,Duplain,pduplainhk@netscape.com
634,Robinet,Bailey,rbaileyhl@state.tx.us
635,Andonis,Roswarne,aroswarnehm@sbwire.com
636,Gill,Summerfield,gsummerfieldhn@canalblog.com
637,Dina,Angelini,dangeliniho@tripadvisor.com
638,Halimeda,Briant,hbrianthp@scribd.com
639,Joela,Liptrot,jliptrothq@over-blog.com
640,Conrade,Kollatsch,ckollatschhr@is.gd
641,Kendell,Aldis,kaldishs@naver.com
642,Ky,Mitchiner,kmitchinerht@europa.eu
643,Kate,Vaughn,kvaughnhu@upenn.edu
644,Ferne,Dalbey,fdalbeyhv@examiner.com
645,Rena,Hentze,rhentzehw@plala.or.jp
646,Grantley,Clyburn,gclyburnhx@house.gov
647,Claudio,Woan,cwoanhy@nytimes.com
648,Tessie,Sleigh,tsleighhz@ftc.gov
649,Clair,Heaysman,cheaysmani0@netvibes.com
650,Reuben,Usher,rusheri1@nps.gov
651,Dorie,Burkinshaw,dburkinshawi2@skype.com
652,Cornie,Banthorpe,cbanthorpei3@elegantthemes.com
653,Ricardo,Silber,rsilberi4@wikimedia.org
654,Cecile,Hrinishin,chrinishini5@newsvine.com
655,Nita,Robinet,nrobineti6@bravesites.com
656,Ahmad,Skittrell,askittrelli7@microsoft.com
657,Sven,Decent,sdecenti8@usda.gov
658,Yankee,Kremer,ykremeri9@google.pl
659,Tobey,Vallens,tvallensia@mapquest.com
660,Pamela,Cham,pchamib@exblog.jp
661,Parke,Grinham,pgrinhamic@soundcloud.com
662,Normand,Muldoon,nmuldoonid@wix.com
663,Teodoro,Thraves,tthravesie@google.de
664,Mirilla,Hexum,mhexumif@twitpic.com
665,Pip,Depper,pdepperig@tmall.com
666,Adriane,Kays,akaysih@amazon.de
667,Spence,Crier,scrierii@tumblr.com
668,Juliana,Tribell,jtribellij@prlog.org
669,Annemarie,Musterd,amusterdik@europa.eu
670,Louisette,Brattan,lbrattanil@salon.com
671,Ronica,Possell,rpossellim@constantcontact.com
672,Hardy,Dundendale,hdundendalein@fotki.com
673,Fran,Valero,fvaleroio@tmall.com
674,Horace,Craske,hcraskeip@ameblo.jp
675,Dore,Edington,dedingtoniq@bluehost.com
676,Jasen,Chansonnau,jchansonnauir@wikispaces.com
677,Nial,Giraux,ngirauxis@nationalgeographic.com
678,Raeann,Doole,rdooleit@wired.com
679,Benetta,Bussell,bbusselliu@wp.com
680,Granville,Cluff,gcluffiv@virginia.edu
681,Vivi,Lightman,vlightmaniw@flickr.com
682,Vonny,Edmondson,vedmondsonix@seesaa.net
683,Archibaldo,Bustin,abustiniy@java.com
684,Emma,Samweyes,esamweyesiz@addtoany.com
685,Sly,Botham,sbothamj0@dell.com
686,Rubie,Lauks,rlauksj1@vkontakte.ru
687,Kennett,Ambroisin,kambroisinj2@ft.com
688,Gloriane,Bowe,gbowej3@webs.com
689,Aube,Woodroff,awoodroffj4@dagondesign.com
690,Marty,Gatheridge,mgatheridgej5@bandcamp.com
691,Raynell,Stoneley,rstoneleyj6@slideshare.net
692,Appolonia,Czyz,aczyzj7@buzzfeed.com
693,Marj,Brisse,mbrissej8@addthis.com
694,Abel,Trower,atrowerj9@ucoz.ru
695,Lucia,Fearon,lfearonja@bloglines.com
696,Barri,Loughton,bloughtonjb@artisteer.com
697,Eda,Garrish,egarrishjc@reuters.com
698,Hymie,Kulis,hkulisjd@gizmodo.com
699,Franky,Downie,fdownieje@weebly.com
700,Shamus,Othick,sothickjf@apache.org
701,Burlie,Richmond,brichmondjg@shareasale.com
702,Mag,Dring,mdringjh@cbc.ca
703,Oralee,Melesk,omeleskji@bizjournals.com
704,Moe,Gerkens,mgerkensjj@g.co
705,Ginnifer,Elvidge,gelvidgejk@cbc.ca
706,Martin,Lidgley,mlidgleyjl@amazon.com
707,Nertie,Beautyman,nbeautymanjm@cnet.com
708,Allianora,Boerder,aboerderjn@myspace.com
709,Hermia,Donnelly,hdonnellyjo@google.com.au
710,Jewel,Jarnell,jjarnelljp@army.mil
711,Ardella,Walley,awalleyjq@hexun.com
712,Penni,Nobriga,pnobrigajr@exblog.jp
713,Harlin,Passfield,hpassfieldjs@yahoo.com
714,Kilian,Mayer,kmayerjt@unc.edu
715,Dulcy,Thrush,dthrushju@edublogs.org
716,Addison,Sigg,asiggjv@goo.gl
717,Wilhelm,Loosley,wloosleyjw@phoca.cz
718,Derick,Casella,dcasellajx@hostgator.com
719,Jeffry,Spohrmann,jspohrmannjy@homestead.com
720,Bryan,Ansett,bansettjz@weebly.com
721,Edita,Bardwell,ebardwellk0@accuweather.com
722,Moshe,Shayler,mshaylerk1@mac.com
723,Netty,Dinnage,ndinnagek2@oaic.gov.au
724,Oren,Crecy,ocrecyk3@telegraph.co.uk
725,Ive,Jachimiak,ijachimiakk4@toplist.cz
726,Maurine,Jahns,mjahnsk5@alexa.com
727,Derrek,Pellman,dpellmank6@pinterest.com
728,Hayyim,de la Tremoille,hdelatremoillek7@netvibes.com
729,Jackqueline,Sidnell,jsidnellk8@answers.com
730,Ramsey,Snaden,rsnadenk9@ebay.co.uk
731,Roxanna,Burchmore,rburchmoreka@boston.com
732,Randa,Punyer,rpunyerkb@deliciousdays.com
733,Aguste,Alleburton,aalleburtonkc@yellowbook.com
734,Harriot,Korpolak,hkorpolakkd@nih.gov
735,Sue,Bohlin,sbohlinke@mapy.cz
736,Oran,Feirn,ofeirnkf@dropbox.com
737,Carmine,Sporton,csportonkg@craigslist.org
738,Nancie,Naper,nnaperkh@artisteer.com
739,Serena,Prudence,sprudenceki@about.com
740,Craggie,Othick,cothickkj@engadget.com
741,Orsa,Lotwich,olotwichkk@desdev.cn
742,Rosmunda,Quaife,rquaifekl@ifeng.com
743,Curr,Lansberry,clansberrykm@cocolog-nifty.com
744,Nels,Antrag,nantragkn@sphinn.com
745,Florance,Cullingford,fcullingfordko@youtube.com
746,Nady,Portman,nportmankp@unblog.fr
747,Sileas,Mattingly,smattinglykq@eepurl.com
748,Ritchie,Whittet,rwhittetkr@odnoklassniki.ru
749,Rancell,Colyer,rcolyerks@hexun.com
750,Othella,Khan,okhankt@about.com
751,Lynnett,Heaffey,lheaffeyku@telegraph.co.uk
752,Seline,Waghorne,swaghornekv@parallels.com
753,Horst,Van Der Hoog,hvanderhoogkw@weebly.com
754,Kalvin,Wasiel,kwasielkx@amazon.com
755,Pearline,Dreamer,pdreamerky@alexa.com
756,Katleen,Kyston,kkystonkz@chronoengine.com
757,Tyrus,Seiler,tseilerl0@biglobe.ne.jp
758,Shannah,Norcliffe,snorcliffel1@soundcloud.com
759,Konstance,Vynarde,kvynardel2@nifty.com
760,Lacey,Woolbrook,lwoolbrookl3@slideshare.net
761,Veradis,Fulk,vfulkl4@elegantthemes.com
762,Leonard,Fullerlove,lfullerlovel5@comcast.net
763,Lauri,Oldrey,loldreyl6@ucla.edu
764,Giuditta,Giorgetti,ggiorgettil7@state.gov
765,Cyrillus,Claisse,cclaissel8@narod.ru
766,Goldia,Malia,gmalial9@parallels.com
767,Lynette,Hucke,lhuckela@com.com
768,Traver,Bumpus,tbumpuslb@mashable.com
769,Tull,Jansens,tjansenslc@ameblo.jp
770,Anabel,Poon,apoonld@google.es
771,Adair,Frome,afromele@1688.com
772,Tybalt,McOwen,tmcowenlf@storify.com
773,Louie,Winckle,lwincklelg@shop-pro.jp
774,Brock,Pietersen,bpietersenlh@independent.co.uk
775,Donavon,Jatczak,djatczakli@google.com.hk
776,Maurizia,Hartshorne,mhartshornelj@deliciousdays.com
777,Meade,Ohms,mohmslk@bloomberg.com
778,Nathan,Haggith,nhaggithll@ifeng.com
779,Kaitlin,Traher,ktraherlm@yelp.com
780,Dore,Franchi,dfranchiln@edublogs.org
781,Leonerd,Cannon,lcannonlo@ucsd.edu
782,Myrtie,Iuorio,miuoriolp@oakley.com
783,Maia,Hedgeley,mhedgeleylq@fda.gov
784,Lanie,Allbon,lallbonlr@house.gov
785,Harley,Carnew,hcarnewls@angelfire.com
786,Emmy,Palfrey,epalfreylt@twitter.com
787,Harlen,Darkins,hdarkinslu@desdev.cn
788,Carlotta,Baccus,cbaccuslv@dion.ne.jp
789,Mano,Wilkinson,mwilkinsonlw@census.gov
790,Svend,Hamnett,shamnettlx@barnesandnoble.com
791,Pauli,Forrestill,pforrestillly@shutterfly.com
792,Hadley,Aikin,haikinlz@ning.com
793,Harland,Brands,hbrandsm0@businesswire.com
794,Karolina,Varran,kvarranm1@blinklist.com
795,June,Eustice,jeusticem2@java.com
796,Noel,Firmage,nfirmagem3@sourceforge.net
797,Sarene,McLurg,smclurgm4@edublogs.org
798,Ursula,Peniman,upenimanm5@prweb.com
799,Meara,Lindroos,mlindroosm6@mashable.com
800,Henrietta,Humbie,hhumbiem7@google.co.jp
801,Nester,Klaessen,nklaessenm8@bloglines.com
802,Ethelyn,Shambrook,eshambrookm9@salon.com
803,Fifine,Kinworthy,fkinworthyma@studiopress.com
804,Elinor,McCrudden,emccruddenmb@about.me
805,Agnes,Dunnico,adunnicomc@independent.co.uk
806,Gwyn,Cathcart,gcathcartmd@histats.com
807,Wilfrid,Curee,wcureeme@japanpost.jp
808,Ondrea,Haversham,ohavershammf@ibm.com
809,Kristoffer,Lintot,klintotmg@exblog.jp
810,Mickie,Chinge de Hals,mchingedehalsmh@themeforest.net
811,Flore,Fateley,ffateleymi@gov.uk
812,Cullin,Fransseni,cfranssenimj@histats.com
813,Abigael,Trowbridge,atrowbridgemk@meetup.com
814,Clerc,Midghall,cmidghallml@163.com
815,Franciska,Zamboniari,fzamboniarimm@opensource.org
816,Chuck,Felkin,cfelkinmn@guardian.co.uk
817,Hugues,Verry,hverrymo@sourceforge.net
818,Chrissy,Lydiate,clydiatemp@msu.edu
819,Jinny,Tomblings,jtomblingsmq@illinois.edu
820,Benji,Lowen,blowenmr@chron.com
821,Doretta,Eilhertsen,deilhertsenms@forbes.com
822,Merill,Sparkwell,msparkwellmt@shareasale.com
823,Ursola,Rumbelow,urumbelowmu@prweb.com
824,Kinna,Georgelin,kgeorgelinmv@deviantart.com
825,Carolan,Pratten,cprattenmw@cyberchimps.com
826,Merrily,Feltoe,mfeltoemx@nih.gov
827,Zacharia,Georg,zgeorgmy@angelfire.com
828,Cletus,Anfonsi,canfonsimz@blogger.com
829,Bartholomew,Yurukhin,byurukhinn0@infoseek.co.jp
830,Gian,Penburton,gpenburtonn1@sitemeter.com
831,Darbee,Kalvin,dkalvinn2@prnewswire.com
832,Cad,Yanshin,cyanshinn3@pen.io
833,Clem,McAloren,cmcalorenn4@geocities.jp
834,Thibaud,Bangle,tbanglen5@illinois.edu
835,Beverie,Barden,bbardenn6@addthis.com
836,Mic,Stoffler,mstofflern7@hexun.com
837,Crista,Casella,ccasellan8@bing.com
838,Faythe,Laker,flakern9@nationalgeographic.com
839,Melisenda,Kendred,mkendredna@slashdot.org
840,Benedicto,Haddinton,bhaddintonnb@purevolume.com
841,Bria,Gotfrey,bgotfreync@shareasale.com
842,Lance,Boddis,lboddisnd@over-blog.com
843,Karen,Bartholin,kbartholinne@goo.ne.jp
844,Ardeen,Percifull,apercifullnf@archive.org
845,Cesaro,Oglethorpe,coglethorpeng@icio.us
846,Godart,Newstead,gnewsteadnh@mediafire.com
847,Cleon,Duffell,cduffellni@1688.com
848,Adele,Bromehead,abromeheadnj@unblog.fr
849,Zak,Rizzardi,zrizzardink@mediafire.com
850,Inna,Burke,iburkenl@exblog.jp
851,Carlin,Malinowski,cmalinowskinm@canalblog.com
852,Lia,Cleaton,lcleatonnn@yelp.com
853,Nissa,Santora,nsantorano@drupal.org
854,Costa,Alennikov,calennikovnp@artisteer.com
855,Ike,Nunns,inunnsnq@cbslocal.com
856,Vanda,McGreil,vmcgreilnr@slideshare.net
857,Joshuah,Benit,jbenitns@livejournal.com
858,Othelia,Drabble,odrabblent@yelp.com
859,Arabelle,Pillinger,apillingernu@scribd.com
860,Conan,Vaune,cvaunenv@upenn.edu
861,Cedric,Edwin,cedwinnw@va.gov
862,Dyana,Hows,dhowsnx@acquirethisname.com
863,Wally,Hartup,whartupny@harvard.edu
864,Orv,Bottelstone,obottelstonenz@a8.net
865,Briana,Featonby,bfeatonbyo0@cbsnews.com
866,Garey,Krochmann,gkrochmanno1@baidu.com
867,Patin,Casaletto,pcasalettoo2@globo.com
868,Gilligan,Duffin,gduffino3@sina.com.cn
869,Bobbee,Pellant,bpellanto4@baidu.com
870,Florette,Sobczak,fsobczako5@people.com.cn
871,Hayward,Dymoke,hdymokeo6@surveymonkey.com
872,Crosby,Corden,ccordeno7@businessinsider.com
873,Neel,Bonny,nbonnyo8@indiatimes.com
874,Cordy,Dumbarton,cdumbartono9@xinhuanet.com
875,Kippar,Casaroli,kcasarolioa@skype.com
876,Brandi,Lyon,blyonob@guardian.co.uk
877,Karola,Hellin,khellinoc@drupal.org
878,Calhoun,Mecchi,cmecchiod@google.ca
879,Amy,Jaynes,ajaynesoe@uiuc.edu
880,Kingston,Seiler,kseilerof@forbes.com
881,Latisha,Harbord,lharbordog@google.com.au
882,Elna,Hawtin,ehawtinoh@auda.org.au
883,Roxy,Cotton,rcottonoi@booking.com
884,Zebadiah,Bulcroft,zbulcroftoj@fastcompany.com
885,Ingunna,Matschuk,imatschukok@facebook.com
886,Rubina,Summerlie,rsummerlieol@foxnews.com
887,Malina,Johnson,mjohnsonom@goo.gl
888,Waylin,Skuce,wskuceon@shutterfly.com
889,Farrell,Cabrera,fcabreraoo@freewebs.com
890,Ninon,Duesberry,nduesberryop@hostgator.com
891,Alvis,Atkirk,aatkirkoq@vk.com
892,Lek,Perryman,lperrymanor@ning.com
893,Malissa,Bolesworth,mbolesworthos@discuz.net
894,Ezekiel,Masi,emasiot@reference.com
895,Fidela,Caro,fcaroou@eepurl.com
896,Tim,Matterson,tmattersonov@cdc.gov
897,Odelinda,Ruppel,oruppelow@prweb.com
898,Nixie,Musk,nmuskox@mapquest.com
899,Austen,Alyutin,aalyutinoy@scribd.com
900,Bernete,Purle,bpurleoz@sciencedirect.com
901,Jemie,Redmille,jredmillep0@cnet.com
902,Corby,Mattsson,cmattssonp1@elegantthemes.com
903,Tessi,Carbin,tcarbinp2@oaic.gov.au
904,Florie,Laurencot,flaurencotp3@cnn.com
905,Murial,Firmager,mfirmagerp4@marriott.com
906,Mollee,Silk,msilkp5@ox.ac.uk
907,Kevin,Wheway,kwhewayp6@google.com.hk
908,Griffie,Toombes,gtoombesp7@123-reg.co.uk
909,Trenton,Spenceley,tspenceleyp8@dot.gov
910,Giuseppe,Saull,gsaullp9@bigcartel.com
911,Hope,Norquoy,hnorquoypa@meetup.com
912,Brigit,Pettipher,bpettipherpb@mapy.cz
913,Shoshanna,Simioli,ssimiolipc@amazon.co.jp
914,Ivar,Corona,icoronapd@joomla.org
915,Elnore,Ginty,egintype@yellowbook.com
916,Cyrillus,Phelip,cphelippf@aboutads.info
917,Roda,Chetwind,rchetwindpg@hatena.ne.jp
918,Sergei,Matokhnin,smatokhninph@squarespace.com
919,Lyndsie,Cosgrave,lcosgravepi@harvard.edu
920,Ellette,Riccio,ericciopj@foxnews.com
921,Eugenie,Ahearne,eahearnepk@paypal.com
922,Christan,Hannah,channahpl@tripadvisor.com
923,Romy,Burridge,rburridgepm@surveymonkey.com
924,Mavra,McAlpine,mmcalpinepn@toplist.cz
925,Edee,Willoughby,ewilloughbypo@google.co.jp
926,Hallsy,Goodings,hgoodingspp@wired.com
927,Gaby,Olley,golleypq@hubpages.com
928,Liam,Chazotte,lchazottepr@thetimes.co.uk
929,Beatrix,Deveraux,bdeverauxps@va.gov
930,Ashby,Strong,astrongpt@mit.edu
931,Donovan,Weinmann,dweinmannpu@hp.com
932,Lief,Cockram,lcockrampv@globo.com
933,Lou,Stenett,lstenettpw@netlog.com
934,Ivan,Orpyne,iorpynepx@theatlantic.com
935,Kira,Lethbury,klethburypy@dedecms.com
936,Elmore,Peyto,epeytopz@github.io
937,Jackquelin,Schulkins,jschulkinsq0@wix.com
938,Courtnay,Scales,cscalesq1@stumbleupon.com
939,Ora,Lyttle,olyttleq2@altervista.org
940,Sibylla,Vittet,svittetq3@bbb.org
941,Fanechka,McTague,fmctagueq4@pcworld.com
942,Dulcinea,Polak,dpolakq5@loc.gov
943,Prescott,Revie,previeq6@amazonaws.com
944,Gwenore,Irving,girvingq7@prlog.org
945,Lars,Sambiedge,lsambiedgeq8@g.co
946,Nolie,Boich,nboichq9@cbc.ca
947,Marcelline,Fridd,mfriddqa@liveinternet.ru
948,Avrit,Rockall,arockallqb@slideshare.net
949,Carlyle,Storey,cstoreyqc@wikispaces.com
950,Risa,Adam,radamqd@chicagotribune.com
951,Wilma,MacGorrie,wmacgorrieqe@nba.com
952,Cosmo,Hendrix,chendrixqf@stanford.edu
953,Emmi,Wassell,ewassellqg@apple.com
954,Lynea,Mattam,lmattamqh@hhs.gov
955,Mercedes,Gorger,mgorgerqi@bizjournals.com
956,Nelli,Provest,nprovestqj@youku.com
957,Danyette,Lilley,dlilleyqk@mlb.com
958,Munmro,Morling,mmorlingql@eepurl.com
959,Aron,Nixon,anixonqm@about.com
960,Lester,Pedden,lpeddenqn@apache.org
961,Carilyn,Tixier,ctixierqo@globo.com
962,Nikaniki,Openshaw,nopenshawqp@cbsnews.com
963,Pearla,Caze,pcazeqq@stanford.edu
964,Wallache,Beake,wbeakeqr@ibm.com
965,Marcelle,Dench,mdenchqs@nydailynews.com
966,Merrick,Bramble,mbrambleqt@symantec.com
967,Nanette,Elphinstone,nelphinstonequ@fc2.com
968,Gram,Lavelle,glavelleqv@yale.edu
969,Luciano,McAviy,lmcaviyqw@issuu.com
970,Dorise,Allmen,dallmenqx@wikispaces.com
971,Hagen,Claiden,hclaidenqy@marriott.com
972,Dionysus,Ropking,dropkingqz@redcross.org
973,Nikolia,Southcott,nsouthcottr0@simplemachines.org
974,Aviva,Oxnam,aoxnamr1@deviantart.com
975,Engracia,Odgaard,eodgaardr2@unesco.org
976,Janel,Inworth,jinworthr3@wikispaces.com
977,Karolina,Gresswood,kgresswoodr4@cargocollective.com
978,Traci,Vanyashin,tvanyashinr5@posterous.com
979,Danell,Mace,dmacer6@clickbank.net
980,Nolana,Sweetsur,nsweetsurr7@youtu.be
981,Johan,Chastelain,jchastelainr8@biglobe.ne.jp
982,Analise,Sullivan,asullivanr9@tinypic.com
983,Wash,Uttridge,wuttridgera@nasa.gov
984,Berty,Illwell,billwellrb@networkadvertising.org
985,Bank,Kiddle,bkiddlerc@virginia.edu
986,Carmela,Jarvie,cjarvierd@princeton.edu
987,Madelina,Scougal,mscougalre@wired.com
988,Petra,Lickorish,plickorishrf@amazon.com
989,Emmalynne,Van der Veldt,evanderveldtrg@networkadvertising.org
990,Kermy,Elton,keltonrh@sun.com
991,Ingram,Mazzey,imazzeyri@pen.io
992,Kevina,Brahm,kbrahmrj@posterous.com
993,Rasia,Edland,redlandrk@quantcast.com
994,Archibold,MacNab,amacnabrl@nih.gov
995,Marlee,Vause,mvauserm@discovery.com
996,Kare,Rein,kreinrn@seattletimes.com
997,Phaedra,Moresby,pmoresbyro@desdev.cn
998,Forbes,Rattrie,frattrierp@foxnews.com
999,Gus,Willavoys,gwillavoysrq@deliciousdays.com
1000,Fanechka,Bartomeu,fbartomeurr@washington.edu
1001,Ricky,Lafranconi,rlafranconi0@rakuten.co.jp
1002,Elva,Shearme,eshearme1@unblog.fr
1003,Dorothy,Agutter,dagutter2@irs.gov
1004,Dianne,Marling,dmarling3@microsoft.com
1005,Tabbie,Bartolijn,tbartolijn4@tinyurl.com
1006,Holden,Gollin,hgollin5@edublogs.org
1007,Alis,Goodie,agoodie6@ycombinator.com
1008,Desi,O'Hengerty,dohengerty7@wunderground.com
1009,Peria,Free,pfree8@wiley.com
1010,Aldous,Tinston,atinston9@microsoft.com
1011,Derril,McLane,dmclanea@purevolume.com
1012,Milicent,Mogenot,mmogenotb@ca.gov
1013,Kris,Soot,ksootc@un.org
1014,Wallas,Smorthwaite,wsmorthwaited@skyrock.com
1015,Kathi,McClunaghan,kmcclunaghane@dedecms.com
1016,Andras,Kraut,akrautf@ovh.net
1017,Fern,O'Gavin,fogaving@bravesites.com
1018,Evvie,Petch,epetchh@comcast.net
1019,Brantley,Bollin,bbollini@washingtonpost.com
1020,Perkin,Sparkwill,psparkwillj@quantcast.com
1021,Tad,Weighell,tweighellk@apache.org
1022,Rycca,Burdess,rburdessl@geocities.com
1023,Noell,Rapi,nrapim@cocolog-nifty.com
1024,Domenic,Farry,dfarryn@paginegialle.it
1025,Eleanora,Scriviner,escrivinero@gizmodo.com
1026,Elie,Heater,eheaterp@booking.com
1027,Letitia,Levane,llevaneq@statcounter.com
1028,Dinny,Christin,dchristinr@bloglovin.com
1029,Linea,Gaither,lgaithers@gmpg.org
1030,Brear,Coggins,bcogginst@wikispaces.com
1031,Mack,Stonehewer,mstoneheweru@ameblo.jp
1032,Meir,Arnauduc,marnauducv@cbslocal.com
1033,Carrissa,Skarr,cskarrw@answers.com
1034,Meade,McLevie,mmcleviex@imdb.com
1035,Pietrek,Moen,pmoeny@nhs.uk
1036,Waylen,Sarjent,wsarjentz@huffingtonpost.com
1037,Astrid,Clough,aclough10@artisteer.com
1038,Susan,Del Dello,sdeldello11@digg.com
1039,Alfons,Blabie,ablabie12@uol.com.br
1040,Kendra,Margarson,kmargarson13@google.fr
1041,Anna-diana,Coton,acoton14@telegraph.co.uk
1042,Correy,Churchard,cchurchard15@tripod.com
1043,Yvor,Bristoe,ybristoe16@webnode.com
1044,Jeanie,Castelletti,jcastelletti17@amazonaws.com
1045,Kevin,Slatcher,kslatcher18@foxnews.com
1046,Constance,Garraway,cgarraway19@joomla.org
1047,Amalia,Scholey,ascholey1a@craigslist.org
1048,Angus,Berardt,aberardt1b@phpbb.com
1049,Carolann,Cloke,ccloke1c@sun.com
1050,Vaclav,Tattershall,vtattershall1d@bigcartel.com
1051,Fairlie,Sedgeworth,fsedgeworth1e@liveinternet.ru
1052,Earvin,Brownett,ebrownett1f@people.com.cn
1053,Judie,Parkes,jparkes1g@hud.gov
1054,Cammie,Faraker,cfaraker1h@yellowpages.com
1055,Cleopatra,Bernade,cbernade1i@smh.com.au
1056,Cacilie,Jarret,cjarret1j@answers.com
1057,Ddene,Droogan,ddroogan1k@ycombinator.com
1058,Elyssa,Caves,ecaves1l@pbs.org
1059,Trixi,Lamasna,tlamasna1m@narod.ru
1060,Selene,McElrea,smcelrea1n@flickr.com
1061,Tomasina,Trippick,ttrippick1o@economist.com
1062,Harold,Izacenko,hizacenko1p@pen.io
1063,Lib,Asprey,lasprey1q@statcounter.com
1064,Jeri,Seakes,jseakes1r@t.co
1065,Clyve,Rochell,crochell1s@china.com.cn
1066,Sloan,Haucke,shaucke1t@lulu.com
1067,Rhea,Hirsthouse,rhirsthouse1u@army.mil
1068,Chucho,Duffy,cduffy1v@com.com
1069,Hillie,Corradi,hcorradi1w@theglobeandmail.com
1070,Teador,Presnell,tpresnell1x@msu.edu
1071,Carmen,Craigg,ccraigg1y@hud.gov
1072,Caz,Abbot,cabbot1z@sbwire.com
1073,Robinson,Renfrew,rrenfrew20@deviantart.com
1074,Ardyth,Arnal,aarnal21@godaddy.com
1075,Rik,Youde,ryoude22@usda.gov
1076,Kasey,Jillitt,kjillitt23@java.com
1077,Hayes,Trett,htrett24@ifeng.com
1078,Isabel,Chenery,ichenery25@gnu.org
1079,Brynna,Hucker,bhucker26@tmall.com
1080,Marni,Capron,mcapron27@github.io
1081,Ly,Coady,lcoady28@slate.com
1082,Scarlett,Ormrod,sormrod29@unesco.org
1083,Barnabe,Cristoforo,bcristoforo2a@cnet.com
1084,Katinka,Wolfarth,kwolfarth2b@businesswire.com
1085,Dasha,Galier,dgalier2c@posterous.com
1086,Germana,McKeevers,gmckeevers2d@cmu.edu
1087,Davina,Ketchaside,dketchaside2e@cnn.com
1088,Demetra,Roddie,droddie2f@cafepress.com
1089,Vance,Casali,vcasali2g@feedburner.com
1090,Sarge,Tooke,stooke2h@earthlink.net
1091,Roxana,Troy,rtroy2i@tinyurl.com
1092,Celia,Wedge,cwedge2j@craigslist.org
1093,Mathew,Cowderoy,mcowderoy2k@imageshack.us
1094,Blayne,Horbath,bhorbath2l@stumbleupon.com
1095,Luciana,Munkley,lmunkley2m@unblog.fr
1096,Maure,Babidge,mbabidge2n@fotki.com
1097,Diann,Size,dsize2o@free.fr
1098,Anallise,Menat,amenat2p@simplemachines.org
1099,Julee,Barenskie,jbarenskie2q@unc.edu
1100,Sybilla,Lamble,slamble2r@sogou.com
1101,Laurice,Causon,lcauson2s@cnbc.com
1102,Flora,Cyseley,fcyseley2t@youku.com
1103,Trudie,Clash,tclash2u@mac.com
1104,Andrea,Headford,aheadford2v@wix.com
1105,Winifield,Bilham,wbilham2w@google.co.uk
1106,Donnie,Slogrove,dslogrove2x@is.gd
1107,Mag,Eble,meble2y@posterous.com
1108,Denver,Cotte,dcotte2z@tumblr.com
1109,Marilyn,Risson,mrisson30@weather.com
1110,Ely,Carlan,ecarlan31@huffingtonpost.com
1111,Eberhard,Friedlos,efriedlos32@bluehost.com
1112,Jim,Pinwill,jpinwill33@rediff.com
1113,Sean,Franken,sfranken34@dedecms.com
1114,Parsifal,Burdess,pburdess35@jalbum.net
1115,Hilly,Yelyashev,hyelyashev36@mac.com
1116,Urban,Spavins,uspavins37@over-blog.com
1117,Nettie,Halladey,nhalladey38@gizmodo.com
1118,Rosette,Willmore,rwillmore39@cnbc.com
1119,Shalom,Astlett,sastlett3a@youtube.com
1120,Opalina,Bentham3,obentham3b@issuu.com
1121,Lynnea,Tournie,ltournie3c@sfgate.com
1122,Kaleena,Mapletoft,kmapletoft3d@amazonaws.com
1123,Carleton,Welds,cwelds3e@usatoday.com
1124,Gannon,Wederell,gwederell3f@cisco.com
1125,Raine,Antonchik,rantonchik3g@independent.co.uk
1126,Regen,Elsie,relsie3h@loc.gov
1127,Jennilee,Tuma,jtuma3i@spotify.com
1128,Renee,Congdon,rcongdon3j@chronoengine.com
1129,Georgena,Stango,gstango3k@amazonaws.com
1130,Marline,Neiland,mneiland3l@sphinn.com
1131,Derrik,Rao,drao3m@myspace.com
1132,Celine,Noller,cnoller3n@tmall.com
1133,Matteo,Beccera,mbeccera3o@ucsd.edu
1134,Harbert,Sharple,hsharple3p@google.co.jp
1135,Ardeen,Domenge,adomenge3q@salon.com
1136,Clarine,Pryer,cpryer3r@google.nl
1137,Durand,Everiss,deveriss3s@umn.edu
1138,Mike,McDonell,mmcdonell3t@sbwire.com
1139,Erina,Dungay,edungay3u@prweb.com
1140,Chico,Culleton,cculleton3v@yahoo.co.jp
1141,Shandie,Baiss,sbaiss3w@rambler.ru
1142,Andra,Eisold,aeisold3x@washingtonpost.com
1143,Lenette,Shepton,lshepton3y@people.com.cn
1144,Fairlie,Rockhall,frockhall3z@va.gov
1145,Cristionna,Wagon,cwagon40@ifeng.com
1146,Cece,Gebby,cgebby41@imgur.com
1147,Riane,Nassi,rnassi42@goo.ne.jp
1148,Marlene,Bedingfield,mbedingfield43@google.com.br
1149,Leopold,Mattiessen,lmattiessen44@ebay.com
1150,Joyann,Keslake,jkeslake45@blogger.com
1151,Guilbert,Norcross,gnorcross46@cafepress.com
1152,Lilah,MacNish,lmacnish47@washington.edu
1153,Drusy,Vecard,dvecard48@addthis.com
1154,Gilberto,Stavers,gstavers49@berkeley.edu
1155,Dorice,Petris,dpetris4a@theguardian.com
1156,Rania,Lewnden,rlewnden4b@vk.com
1157,Hamnet,Lidgate,hlidgate4c@prweb.com
1158,Geordie,Baskerville,gbaskerville4d@webs.com
1159,Clyde,Gait,cgait4e@fastcompany.com
1160,Illa,Kinnaird,ikinnaird4f@apache.org
1161,Elspeth,Van Rembrandt,evanrembrandt4g@discovery.com
1162,Olwen,Giovanardi,ogiovanardi4h@yandex.ru
1163,Filia,Capp,fcapp4i@cdc.gov
1164,Jaquelyn,L'Homme,jlhomme4j@latimes.com
1165,Danica,Jellicorse,djellicorse4k@shutterfly.com
1166,Sarette,Watling,swatling4l@wikipedia.org
1167,Preston,Prium,pprium4m@163.com
1168,Betty,Meek,bmeek4n@globo.com
1169,Mycah,Sprull,msprull4o@ycombinator.com
1170,Basil,Vanichkov,bvanichkov4p@weebly.com
1171,Camella,Anglish,canglish4q@thetimes.co.uk
1172,Josephine,Baiss,jbaiss4r@mysql.com
1173,Natassia,Dearl,ndearl4s@friendfeed.com
1174,Iormina,Dunkerton,idunkerton4t@washington.edu
1175,Dacie,Bewick,dbewick4u@histats.com
1176,Dollie,Comley,dcomley4v@twitpic.com
1177,Alon,Itschakov,aitschakov4w@photobucket.com
1178,Kimberley,Mordecai,kmordecai4x@msn.com
1179,Jane,Bradneck,jbradneck4y@house.gov
1180,Allx,Juara,ajuara4z@yahoo.co.jp
1181,Dulci,Toth,dtoth50@biblegateway.com
1182,Conroy,Smoth,csmoth51@delicious.com
1183,Drud,Moulden,dmoulden52@google.com.hk
1184,Roseline,Plampin,rplampin53@sohu.com
1185,Jayne,Tilliard,jtilliard54@hibu.com
1186,Elfreda,Gadd,egadd55@imdb.com
1187,Maryanne,MacNaughton,mmacnaughton56@oaic.gov.au
1188,Frans,Teague,fteague57@narod.ru
1189,Gay,Wind,gwind58@jigsy.com
1190,Grove,Feander,gfeander59@si.edu
1191,Ramon,Keyzman,rkeyzman5a@jiathis.com
1192,Piotr,Saul,psaul5b@google.com
1193,Cassaundra,Passey,cpassey5c@csmonitor.com
1194,Yasmin,Errichelli,yerrichelli5d@baidu.com
1195,Revkah,Stronack,rstronack5e@msn.com
1196,Guglielma,Brogiotti,gbrogiotti5f@wp.com
1197,Pepi,Buckney,pbuckney5g@bizjournals.com
1198,Myrle,Magill,mmagill5h@about.me
1199,Livvyy,Rising,lrising5i@pbs.org
1200,Robinet,MacGee,rmacgee5j@nbcnews.com
1201,Natka,Casarili,ncasarili5k@webnode.com
1202,Dallas,Gouldsmith,dgouldsmith5l@wordpress.com
1203,Noreen,Stanluck,nstanluck5m@independent.co.uk
1204,Katrine,Esposita,kesposita5n@example.com
1205,Eduino,Lumsden,elumsden5o@salon.com
1206,Bard,Fennell,bfennell5p@merriam-webster.com
1207,Fidel,Iacobetto,fiacobetto5q@ftc.gov
1208,Emmery,Allington,eallington5r@bigcartel.com
1209,Victoria,Blatherwick,vblatherwick5s@prweb.com
1210,Stefan,Altree,saltree5t@ftc.gov
1211,Suki,Bagshawe,sbagshawe5u@skyrock.com
1212,Myrah,Bywater,mbywater5v@behance.net
1213,Mirella,Salterne,msalterne5w@woothemes.com
1214,Barbette,Morford,bmorford5x@disqus.com
1215,Meggi,Eickhoff,meickhoff5y@google.com.hk
1216,Wendell,Craigheid,wcraigheid5z@arstechnica.com
1217,Sapphira,Collough,scollough60@howstuffworks.com
1218,Erhart,Lampkin,elampkin61@twitter.com
1219,Agnes,Curwen,acurwen62@ocn.ne.jp
1220,Monica,Tinto,mtinto63@nationalgeographic.com
1221,Jackie,Palumbo,jpalumbo64@buzzfeed.com
1222,Charlotta,Pina,cpina65@yellowpages.com
1223,Spence,Coopland,scoopland66@accuweather.com
1224,Laura,Warne,lwarne67@vinaora.com
1225,Yorker,Bohlens,ybohlens68@nymag.com
1226,Morrie,Sirrell,msirrell69@springer.com
1227,Hort,Denning,hdenning6a@zdnet.com
1228,Arni,Monday,amonday6b@yelp.com
1229,Orbadiah,Gason,ogason6c@chronoengine.com
1230,Maximilian,MacAvddy,mmacavddy6d@biglobe.ne.jp
1231,Othello,Edney,oedney6e@histats.com
1232,Katharine,Monnoyer,kmonnoyer6f@marriott.com
1233,Tallulah,Janata,tjanata6g@acquirethisname.com
1234,Natalina,Rudolfer,nrudolfer6h@arizona.edu
1235,Betteann,Loddy,bloddy6i@accuweather.com
1236,Urban,Samsin,usamsin6j@dell.com
1237,Orion,Adanez,oadanez6k@ning.com
1238,Zebadiah,Ducker,zducker6l@yale.edu
1239,Leena,Mullins,lmullins6m@go.com
1240,Ansley,Collaton,acollaton6n@foxnews.com
1241,Aurlie,Extil,aextil6o@nasa.gov
1242,Royall,Wimms,rwimms6p@reuters.com
1243,Dasie,Blouet,dblouet6q@slate.com
1244,Carson,Cadore,ccadore6r@comcast.net
1245,Mitchel,Babbage,mbabbage6s@wordpress.com
1246,Ernie,Camilio,ecamilio6t@friendfeed.com
1247,Dorolisa,McCluskey,dmccluskey6u@columbia.edu
1248,Rozina,Dearlove,rdearlove6v@scribd.com
1249,Baxter,Flaonier,bflaonier6w@cyberchimps.com
1250,Calypso,Gass,cgass6x@about.me
1251,Mickey,Cromer,mcromer6y@qq.com
1252,Etti,Staziker,estaziker6z@biblegateway.com
1253,Gertie,Sager,gsager70@goo.gl
1254,Brandtr,Petzold,bpetzold71@mapy.cz
1255,Terrance,Lashbrook,tlashbrook72@smh.com.au
1256,Joshuah,Samwaye,jsamwaye73@infoseek.co.jp
1257,Bastian,Conibear,bconibear74@github.io
1258,Jimmy,Goldney,jgoldney75@columbia.edu
1259,Alvira,Spilsbury,aspilsbury76@php.net
1260,Emmie,Roncelli,eroncelli77@nifty.com
1261,Drugi,Stoodley,dstoodley78@admin.ch
1262,Any,Hamblyn,ahamblyn79@scientificamerican.com
1263,Skylar,Corkel,scorkel7a@ustream.tv
1264,Skipton,Chessor,schessor7b@yandex.ru
1265,Matteo,Minmagh,mminmagh7c@amazon.de
1266,Carmelina,Bartosik,cbartosik7d@google.cn
1267,Arden,Giabucci,agiabucci7e@vkontakte.ru
1268,Kristen,Guterson,kguterson7f@scribd.com
1269,Nichole,Durand,ndurand7g@histats.com
1270,Alister,Clipston,aclipston7h@vimeo.com
1271,Jayne,Reijmers,jreijmers7i@ifeng.com
1272,Annabal,Kieran,akieran7j@ameblo.jp
1273,Kent,Adamec,kadamec7k@i2i.jp
1274,Pen,Baigrie,pbaigrie7l@yellowpages.com
1275,Kissee,Bovis,kbovis7m@wix.com
1276,Solomon,Bassick,sbassick7n@smugmug.com
1277,Pattin,Benthall,pbenthall7o@is.gd
1278,Fonzie,Bachellier,fbachellier7p@wired.com
1279,Ernesta,Alben,ealben7q@domainmarket.com
1280,Sheeree,Sheddan,ssheddan7r@t.co
1281,Aristotle,Syder,asyder7s@howstuffworks.com
1282,Kenon,Weeden,kweeden7t@ifeng.com
1283,Kathye,Georgeau,kgeorgeau7u@sina.com.cn
1284,Skip,Filpo,sfilpo7v@shop-pro.jp
1285,Ethelind,Laybourne,elaybourne7w@free.fr
1286,Aguste,Robarts,arobarts7x@yahoo.com
1287,Yanaton,Tuny,ytuny7y@google.ca
1288,Gilberto,Joliffe,gjoliffe7z@tripod.com
1289,Sly,Starbucke,sstarbucke80@ted.com
1290,Janina,Denford,jdenford81@earthlink.net
1291,Brynn,Castell,bcastell82@networkadvertising.org
1292,Gert,Binks,gbinks83@irs.gov
1293,Johannes,Santello,jsantello84@vinaora.com
1294,Dianna,Manoelli,dmanoelli85@nature.com
1295,Jordon,Hardie,jhardie86@typepad.com
1296,Huntlee,Burl,hburl87@irs.gov
1297,Cort,Kenion,ckenion88@shutterfly.com
1298,Suzette,Maskelyne,smaskelyne89@tinypic.com
1299,Ermin,Cristobal,ecristobal8a@census.gov
1300,Elyse,Mechell,emechell8b@upenn.edu
1301,Eleanora,Clemon,eclemon8c@reverbnation.com
1302,Gui,Vint,gvint8d@berkeley.edu
1303,Lizzy,Donneely,ldonneely8e@xing.com
1304,Vinson,Bohlens,vbohlens8f@lycos.com
1305,Ainslee,Clementet,aclementet8g@netvibes.com
1306,Callean,Debenham,cdebenham8h@ehow.com
1307,Eartha,Gosnoll,egosnoll8i@php.net
1308,Dion,Nys,dnys8j@ucoz.com
1309,Wolfy,Swatman,wswatman8k@prnewswire.com
1310,Raoul,Dransfield,rdransfield8l@uol.com.br
1311,Rubie,Kington,rkington8m@biglobe.ne.jp
1312,Antonius,Sanbroke,asanbroke8n@jiathis.com
1313,Esme,Ateridge,eateridge8o@so-net.ne.jp
1314,Alyssa,Grayshan,agrayshan8p@mozilla.com
1315,Diana,Kleimt,dkleimt8q@cargocollective.com
1316,Nanni,Kiss,nkiss8r@apache.org
1317,Winifield,Epinoy,wepinoy8s@dot.gov
1318,Claus,Rockcliff,crockcliff8t@twitter.com
1319,Viola,Sives,vsives8u@google.de
1320,Violetta,Coppledike,vcoppledike8v@blogger.com
1321,Corty,Deguara,cdeguara8w@theglobeandmail.com
1322,Jodie,Shales,jshales8x@mapy.cz
1323,Cherry,Klamman,cklamman8y@omniture.com
1324,Carmela,Gravener,cgravener8z@jiathis.com
1325,Owen,Dmiterko,odmiterko90@constantcontact.com
1326,Bealle,Spadari,bspadari91@discuz.net
1327,Gerardo,Wickmann,gwickmann92@zdnet.com
1328,Prue,Habble,phabble93@ask.com
1329,Kirstin,Philippart,kphilippart94@altervista.org
1330,Freeman,Walls,fwalls95@infoseek.co.jp
1331,Wash,O' Sullivan,wosullivan96@springer.com
1332,Bertie,Drover,bdrover97@xinhuanet.com
1333,Chase,Supple,csupple98@cpanel.net
1334,Colette,Velez,cvelez99@craigslist.org
1335,Tremayne,Stritton,tstritton9a@issuu.com
1336,Saul,Allso,sallso9b@ning.com
1337,Kenny,Dewsbury,kdewsbury9c@weather.com
1338,Nadean,Tures,ntures9d@seesaa.net
1339,Jone,Cordes,jcordes9e@redcross.org
1340,Jehanna,Sleany,jsleany9f@ed.gov
1341,Nobie,Large,nlarge9g@jalbum.net
1342,Celinda,Calliss,ccalliss9h@twitpic.com
1343,Gerick,MacRitchie,gmacritchie9i@friendfeed.com
1344,Suzy,Pincked,spincked9j@foxnews.com
1345,Gearard,Longstreeth,glongstreeth9k@google.com.au
1346,Mariam,Cleen,mcleen9l@diigo.com
1347,Omar,Woolcocks,owoolcocks9m@tamu.edu
1348,Ardene,Yashin,ayashin9n@globo.com
1349,Charla,Guye,cguye9o@eepurl.com
1350,Erie,Streeter,estreeter9p@symantec.com
1351,Vickie,Rocco,vrocco9q@nationalgeographic.com
1352,Roberto,Doull,rdoull9r@indiegogo.com
1353,Garv,Peery,gpeery9s@icio.us
1354,Hettie,Dodgshon,hdodgshon9t@bbc.co.uk
1355,Madelena,MacNeilly,mmacneilly9u@altervista.org
1356,Milena,McGowran,mmcgowran9v@g.co
1357,Nadine,Houseley,nhouseley9w@ning.com
1358,Doroteya,Syme,dsyme9x@cisco.com
1359,Hephzibah,Dawley,hdawley9y@cpanel.net
1360,Ashley,Loseke,aloseke9z@nasa.gov
1361,Kev,Sone,ksonea0@accuweather.com
1362,Tommi,Petricek,tpetriceka1@squarespace.com
1363,Annette,Tschursch,atschurscha2@cpanel.net
1364,Cassaundra,Birchwood,cbirchwooda3@dell.com
1365,Mame,Romanini,mromaninia4@wikispaces.com
1366,Xever,Demchen,xdemchena5@networksolutions.com
1367,Pepi,Millmore,pmillmorea6@geocities.com
1368,Stanwood,Murtimer,smurtimera7@dagondesign.com
1369,Pauly,Thurber,pthurbera8@plala.or.jp
1370,Denyse,Salan,dsalana9@barnesandnoble.com
1371,Homerus,Clemes,hclemesaa@businesswire.com
1372,Abbott,Kendrew,akendrewab@yale.edu
1373,Ulrick,De Andreis,udeandreisac@plala.or.jp
1374,Tamar,Vedenisov,tvedenisovad@vk.com
1375,Rosa,Harden,rhardenae@timesonline.co.uk
1376,Wilek,Scarsbrooke,wscarsbrookeaf@wordpress.com
1377,Michal,Bensen,mbensenag@ovh.net
1378,Decca,Boddy,dboddyah@over-blog.com
1379,Elsie,Corradengo,ecorradengoai@rakuten.co.jp
1380,Fidelio,Domney,fdomneyaj@cafepress.com
1381,Cristen,Tooby,ctoobyak@deviantart.com
1382,Nicola,Price,npriceal@jalbum.net
1383,Hunt,Brennenstuhl,hbrennenstuhlam@answers.com
1384,Louisette,Fraczak,lfraczakan@myspace.com
1385,Wendall,Gillicuddy,wgillicuddyao@jiathis.com
1386,Allyn,Ianni,aianniap@yahoo.co.jp
1387,Fancy,Hazart,fhazartaq@baidu.com
1388,Salim,McCreery,smccreeryar@webmd.com
1389,Steffane,Addicote,saddicoteas@sakura.ne.jp
1390,Ronny,Rubinowitsch,rrubinowitschat@ebay.co.uk
1391,Michelle,Yoxall,myoxallau@cbsnews.com
1392,Nert,Verrills,nverrillsav@barnesandnoble.com
1393,Isabella,Toogood,itoogoodaw@imgur.com
1394,Kit,Schiefersten,kschieferstenax@gizmodo.com
1395,Belvia,Ellwell,bellwellay@ftc.gov
1396,Carlos,Bromwich,cbromwichaz@nationalgeographic.com
1397,Allyn,Bilham,abilhamb0@discovery.com
1398,Johnny,Hanlin,jhanlinb1@hexun.com
1399,Cynthia,Kunat,ckunatb2@hubpages.com
1400,Dedie,Dodding,ddoddingb3@vk.com
1401,Angele,Churchman,achurchmanb4@dmoz.org
1402,Angel,Quenby,aquenbyb5@dailymail.co.uk
1403,Ivar,Osinin,iosininb6@cisco.com
1404,Wren,Deare,wdeareb7@google.com
1405,Maribelle,Luciani,mlucianib8@umn.edu
1406,Paxton,Perree,pperreeb9@irs.gov
1407,Flint,Barhams,fbarhamsba@wikipedia.org
1408,Jillene,Aldwich,jaldwichbb@blog.com
1409,Amalia,Poundsford,apoundsfordbc@google.com.au
1410,Giulietta,Siveyer,gsiveyerbd@1688.com
1411,Griff,Heaford,gheafordbe@blogger.com
1412,Jacquelin,Tutchener,jtutchenerbf@reuters.com
1413,Gherardo,Sirey,gsireybg@digg.com
1414,Eudora,Bocke,ebockebh@amazonaws.com
1415,Dudley,Kidds,dkiddsbi@multiply.com
1416,Anstice,Filer,afilerbj@w3.org
1417,Robinson,Rosenauer,rrosenauerbk@cam.ac.uk
1418,Bobine,Chettle,bchettlebl@wordpress.org
1419,Dwain,Wolfart,dwolfartbm@latimes.com
1420,Gerti,Elphee,gelpheebn@java.com
1421,Claybourne,Crawforth,ccrawforthbo@marriott.com
1422,Luci,McCaughren,lmccaughrenbp@princeton.edu
1423,Joane,Lovewell,jlovewellbq@deliciousdays.com
1424,Alis,Staries,astariesbr@time.com
1425,Sybil,Sterland,ssterlandbs@behance.net
1426,Editha,todor,etodorbt@ted.com
1427,Cordelie,Rickertsen,crickertsenbu@de.vu
1428,Claudell,Quarrie,cquarriebv@wunderground.com
1429,Roanne,Larrie,rlarriebw@amazonaws.com
1430,Lorrayne,De Atta,ldeattabx@hhs.gov
1431,Kyrstin,Pascoe,kpascoeby@fc2.com
1432,Octavius,Cussen,ocussenbz@mashable.com
1433,Belle,Kneesha,bkneeshac0@springer.com
1434,Cesya,Necolds,cnecoldsc1@sun.com
1435,Theresita,Grelak,tgrelakc2@flickr.com
1436,Kendra,Barnardo,kbarnardoc3@purevolume.com
1437,Thatch,Ikin,tikinc4@usa.gov
1438,Carling,Syers,csyersc5@elegantthemes.com
1439,Kelly,Tomsen,ktomsenc6@bloomberg.com
1440,Vassili,Lukash,vlukashc7@xrea.com
1441,Reid,Ciotti,rciottic8@ihg.com
1442,Bran,Sorrie,bsorriec9@amazon.de
1443,Saw,Gomez,sgomezca@discovery.com
1444,Nicholle,Fielden,nfieldencb@ihg.com
1445,Audie,Wildblood,awildbloodcc@xinhuanet.com
1446,Kessiah,Sunnucks,ksunnuckscd@guardian.co.uk
1447,Fee,Gell,fgellce@ehow.com
1448,Bert,Keetley,bkeetleycf@topsy.com
1449,Abby,Chevins,achevinscg@un.org
1450,Fianna,Joutapavicius,fjoutapaviciusch@fotki.com
1451,Elizabet,Ketts,ekettsci@webs.com
1452,Lucretia,McClymond,lmcclymondcj@slashdot.org
1453,Nike,Kennaird,nkennairdck@1und1.de
1454,Whitman,Medler,wmedlercl@skype.com
1455,Nadine,Blackburne,nblackburnecm@mozilla.com
1456,Shell,Wroe,swroecn@mit.edu
1457,Trstram,Jellman,tjellmanco@bravesites.com
1458,Dwayne,Junes,djunescp@mit.edu
1459,Alfy,Mabson,amabsoncq@goodreads.com
1460,Matthus,Gliddon,mgliddoncr@theguardian.com
1461,Thain,Rodway,trodwaycs@bing.com
1462,Merwin,Feakins,mfeakinsct@cornell.edu
1463,Tadio,Lucchi,tlucchicu@prlog.org
1464,Deloria,Skpsey,dskpseycv@usda.gov
1465,Germaine,Aseef,gaseefcw@fastcompany.com
1466,Eustace,Gocke,egockecx@stanford.edu
1467,Shaine,Cockell,scockellcy@apache.org
1468,Halie,Moffett,hmoffettcz@npr.org
1469,Jemmy,Espinola,jespinolad0@sogou.com
1470,Terra,Peever,tpeeverd1@si.edu
1471,Michelle,Kornyakov,mkornyakovd2@wsj.com
1472,Rafaellle,Theurer,rtheurerd3@macromedia.com
1473,Joanne,Preuvost,jpreuvostd4@sitemeter.com
1474,Gherardo,Crissil,gcrissild5@ft.com
1475,Izaak,Roz,irozd6@de.vu
1476,Jeniece,Harkus,jharkusd7@4shared.com
1477,Consalve,Vigors,cvigorsd8@about.me
1478,Winne,Cutsforth,wcutsforthd9@cnn.com
1479,Lorain,Gradly,lgradlyda@is.gd
1480,Candace,Betteney,cbetteneydb@nps.gov
1481,Borg,Mossom,bmossomdc@sfgate.com
1482,Alayne,Olexa,aolexadd@blog.com
1483,Katerine,Boylin,kboylinde@google.cn
1484,Falkner,Mees,fmeesdf@youtube.com
1485,Sutton,Grunder,sgrunderdg@yandex.ru
1486,Natalya,Cannam,ncannamdh@nationalgeographic.com
1487,Frasco,Conkay,fconkaydi@github.io
1488,Sigismondo,MacDermott,smacdermottdj@tripadvisor.com
1489,Maiga,Howey,mhoweydk@mlb.com
1490,Brew,Pindar,bpindardl@prweb.com
1491,Natka,Coppen,ncoppendm@so-net.ne.jp
1492,Sisely,Sivill,ssivilldn@msn.com
1493,Nanice,Nutter,nnutterdo@dmoz.org
1494,Vasily,Poulden,vpouldendp@zimbio.com
1495,Analise,Larvin,alarvindq@lulu.com
1496,Kassandra,Caslett,kcaslettdr@sitemeter.com
1497,Friedrich,Fallows,ffallowsds@squidoo.com
1498,Dorella,Bulpitt,dbulpittdt@mit.edu
1499,Ransom,Clive,rclivedu@icio.us
1500,Conan,Safell,csafelldv@uol.com.br
1501,Natka,Howells,nhowellsdw@squarespace.com
1502,Reinold,Fransman,rfransmandx@google.com.br
1503,Arlen,Plum,aplumdy@newsvine.com
1504,Jordan,Pressland,jpresslanddz@ftc.gov
1505,Jillene,Satyford,jsatyforde0@scientificamerican.com
1506,Jorge,Caney,jcaneye1@addthis.com
1507,Kiley,Gibbe,kgibbee2@sbwire.com
1508,Jeramie,McCrann,jmccranne3@blog.com
1509,Tann,Booy,tbooye4@odnoklassniki.ru
1510,Conny,Yaldren,cyaldrene5@boston.com
1511,Syd,de Leon,sdeleone6@ed.gov
1512,Alissa,Oakhill,aoakhille7@usatoday.com
1513,Barbette,Kem,bkeme8@list-manage.com
1514,Therese,Coal,tcoale9@tamu.edu
1515,Griselda,Leatherborrow,gleatherborrowea@mapy.cz
1516,Phyllida,Doy,pdoyeb@yellowpages.com
1517,Jaime,Chadburn,jchadburnec@shutterfly.com
1518,Pierson,Prudence,pprudenceed@ycombinator.com
1519,Cornelia,Spohrmann,cspohrmannee@desdev.cn
1520,Shanon,Spering,ssperingef@goodreads.com
1521,Ginnifer,Rodson,grodsoneg@cpanel.net
1522,Orella,Willmetts,owillmettseh@cargocollective.com
1523,Romeo,Barrable,rbarrableei@uol.com.br
1524,Adiana,Tipperton,atippertonej@ucoz.ru
1525,Dewey,Ainsby,dainsbyek@gmpg.org
1526,Cynthie,Pantling,cpantlingel@lycos.com
1527,Cherry,Abley,cableyem@goodreads.com
1528,Chelsae,Shanley,cshanleyen@japanpost.jp
1529,Estell,Hamby,ehambyeo@slashdot.org
1530,Rosamund,Gritten,rgrittenep@foxnews.com
1531,Aurelie,Daughtry,adaughtryeq@blinklist.com
1532,Anastassia,Attoc,aattocer@hexun.com
1533,Gusty,Stitch,gstitches@china.com.cn
1534,Anica,Kobel,akobelet@histats.com
1535,Sterne,Johnikin,sjohnikineu@intel.com
1536,Melony,Crinson,mcrinsonev@tripod.com
1537,Lynn,Rogeron,lrogeronew@guardian.co.uk
1538,Brena,Hands,bhandsex@java.com
1539,Imogene,Sansome,isansomeey@npr.org
1540,Ricki,Izhakov,rizhakovez@redcross.org
1541,Stevana,Golt,sgoltf0@dropbox.com
1542,Cyrill,O'Corren,cocorrenf1@addtoany.com
1543,Cissy,Hearsey,chearseyf2@wunderground.com
1544,Callie,MacDonald,cmacdonaldf3@archive.org
1545,Deana,Matusevich,dmatusevichf4@multiply.com
1546,Euphemia,Barbe,ebarbef5@marriott.com
1547,Der,Baulch,dbaulchf6@xing.com
1548,Freda,Chrismas,fchrismasf7@google.ru
1549,Leda,Futter,lfutterf8@google.fr
1550,Horacio,Flemyng,hflemyngf9@buzzfeed.com
1551,Katleen,Schreiner,kschreinerfa@arizona.edu
1552,Greggory,Parcell,gparcellfb@about.me
1553,Johan,Jutson,jjutsonfc@cmu.edu
1554,Fredrika,Pitcock,fpitcockfd@earthlink.net
1555,Wenda,Rome,wromefe@t.co
1556,Emmet,Kupis,ekupisff@desdev.cn
1557,Selinda,Bale,sbalefg@ameblo.jp
1558,Ari,Kildea,akildeafh@vkontakte.ru
1559,Mose,Pover,mpoverfi@ifeng.com
1560,Aleen,Ovendale,aovendalefj@google.fr
1561,Zelma,Shipman,zshipmanfk@blog.com
1562,Malena,Colbeck,mcolbeckfl@cnn.com
1563,Gearalt,Ambrogi,gambrogifm@msu.edu
1564,Pearle,Iacomelli,piacomellifn@sciencedaily.com
1565,Judy,Claibourn,jclaibournfo@archive.org
1566,Raff,Bowkett,rbowkettfp@yelp.com
1567,Lynette,Baldung,lbaldungfq@tamu.edu
1568,Tan,Nossent,tnossentfr@bloglovin.com
1569,Christoph,Densham,cdenshamfs@geocities.jp
1570,Griffin,Creamen,gcreamenft@businessweek.com
1571,Reinaldos,Casaccio,rcasacciofu@pbs.org
1572,Burgess,Dafforne,bdaffornefv@amazon.com
1573,Bord,Howkins,bhowkinsfw@cdbaby.com
1574,Caryl,Hearon,chearonfx@tinypic.com
1575,Saraann,Willoughey,swillougheyfy@csmonitor.com
1576,Mireielle,Jorgesen,mjorgesenfz@aol.com
1577,Christina,Cliff,ccliffg0@omniture.com
1578,Pier,Donovin,pdonoving1@mtv.com
1579,Magda,Elleton,melletong2@oaic.gov.au
1580,Merrill,Nunnerley,mnunnerleyg3@patch.com
1581,Flossi,Duncanson,fduncansong4@webmd.com
1582,Florrie,Cowans,fcowansg5@chicagotribune.com
1583,Batsheva,Leneham,blenehamg6@dropbox.com
1584,Wilbert,Oades,woadesg7@intel.com
1585,Christophe,Bennen,cbenneng8@about.com
1586,Lowrance,Else,lelseg9@i2i.jp
1587,Bev,Try,btryga@1688.com
1588,Raine,Paaso,rpaasogb@ox.ac.uk
1589,Marvin,Orme,mormegc@japanpost.jp
1590,Dennie,Dikes,ddikesgd@state.gov
1591,Friedrich,Tsar,ftsarge@webmd.com
1592,Valry,Bishell,vbishellgf@vk.com
1593,Carlin,Lecointe,clecointegg@adobe.com
1594,Anya,Nattrass,anattrassgh@t-online.de
1595,Laetitia,Cliburn,lcliburngi@wikispaces.com
1596,Celia,Britcher,cbritchergj@com.com
1597,Dasya,Arnott,darnottgk@tripadvisor.com
1598,Patrizio,Di Franceschi,pdifranceschigl@printfriendly.com
1599,Jeffry,Blasl,jblaslgm@va.gov
1600,Tiffany,Luno,tlunogn@patch.com
1601,Theo,Hebron,thebrongo@simplemachines.org
1602,Kora,Bamber,kbambergp@shareasale.com
1603,Edan,Martygin,emartygingq@biglobe.ne.jp
1604,Maridel,Scullin,mscullingr@csmonitor.com
1605,Napoleon,Berkely,nberkelygs@bbb.org
1606,Sapphira,Vakhrushin,svakhrushingt@fc2.com
1607,Faydra,Charville,fcharvillegu@artisteer.com
1608,Rachael,Ruprecht,rruprechtgv@privacy.gov.au
1609,Louella,Joddens,ljoddensgw@infoseek.co.jp
1610,Yolanthe,Feechan,yfeechangx@foxnews.com
1611,Meredith,Kachel,mkachelgy@hatena.ne.jp
1612,Karyn,Riddel,kriddelgz@mapy.cz
1613,Flossie,Maruszewski,fmaruszewskih0@umich.edu
1614,Zach,Tussaine,ztussaineh1@huffingtonpost.com
1615,Darius,Breedy,dbreedyh2@weather.com
1616,Carmen,Lambie,clambieh3@sphinn.com
1617,Kipp,Menci,kmencih4@google.com
1618,Anderson,Corden,acordenh5@creativecommons.org
1619,Corabel,Clymo,cclymoh6@a8.net
1620,Ernst,Jarvie,ejarvieh7@wunderground.com
1621,Willis,Fulford,wfulfordh8@canalblog.com
1622,Ania,Fenwick,afenwickh9@usda.gov
1623,Lurlene,Lente,llenteha@sfgate.com
1624,Matthus,Mabon,mmabonhb@japanpost.jp
1625,Sandra,Jedrych,sjedrychhc@arstechnica.com
1626,Allard,Leer,aleerhd@soup.io
1627,Isak,Delooze,ideloozehe@ft.com
1628,Torrin,Smitten,tsmittenhf@google.ca
1629,Yetta,Kuhlen,ykuhlenhg@patch.com
1630,Cristi,Thresh,cthreshhh@latimes.com
1631,Desmond,Eliez,deliezhi@state.tx.us
1632,Christoper,Bompas,cbompashj@canalblog.com
1633,Fina,Keslake,fkeslakehk@ucla.edu
1634,Hermon,Rappaport,hrappaporthl@wikia.com
1635,Cirstoforo,Jentle,cjentlehm@mashable.com
1636,Daffy,Stonier,dstonierhn@google.de
1637,Nessy,D'Aeth,ndaethho@yellowpages.com
1638,Boonie,Blumfield,bblumfieldhp@1und1.de
1639,Jodee,Grayer,jgrayerhq@diigo.com
1640,Jerrie,McAleese,jmcaleesehr@vistaprint.com
1641,Ahmed,Casson,acassonhs@lulu.com
1642,Lin,Speck,lspeckht@creativecommons.org
1643,Issie,Prangnell,iprangnellhu@hud.gov
1644,Cele,Farman,cfarmanhv@123-reg.co.uk
1645,Kimberly,Ingerith,kingerithhw@bizjournals.com
1646,Dareen,Melton,dmeltonhx@toplist.cz
1647,Sophronia,Durbann,sdurbannhy@newyorker.com
1648,Renata,Belt,rbelthz@nps.gov
1649,Lezley,Gillman,lgillmani0@myspace.com
1650,Helen-elizabeth,Toffanelli,htoffanellii1@xinhuanet.com
1651,Darcy,Render,drenderi2@tinyurl.com
1652,Elden,Linnell,elinnelli3@sciencedirect.com
1653,Priscilla,Begin,pbegini4@adobe.com
1654,Olva,Celloni,ocellonii5@behance.net
1655,Olag,Goodredge,ogoodredgei6@dmoz.org
1656,Lucian,Mumbey,lmumbeyi7@smh.com.au
1657,Hannah,Mc Harg,hmchargi8@domainmarket.com
1658,Rhys,Hearn,rhearni9@vinaora.com
1659,Shannon,Janicek,sjanicekia@purevolume.com
1660,Ulberto,Kettel,ukettelib@about.com
1661,Ruby,Livens,rlivensic@prnewswire.com
1662,Dido,Ellaman,dellamanid@tiny.cc
1663,Rupert,Hoffmann,rhoffmannie@wordpress.org
1664,Melesa,Tremoille,mtremoilleif@xrea.com
1665,Lorilee,Agirre,lagirreig@ted.com
1666,Aimil,Wherry,awherryih@marketwatch.com
1667,Isidore,Devil,idevilii@wikipedia.org
1668,Fidelity,Glasscoo,fglasscooij@toplist.cz
1669,Vyky,Joberne,vjoberneik@posterous.com
1670,Garvey,Kemmish,gkemmishil@myspace.com
1671,Cordey,Swaton,cswatonim@netvibes.com
1672,Jeanine,Fearon,jfearonin@go.com
1673,Peria,Jeandet,pjeandetio@abc.net.au
1674,Dolf,Lasty,dlastyip@columbia.edu
1675,Cullie,McGowan,cmcgowaniq@t.co
1676,Arielle,Wastling,awastlingir@imdb.com
1677,Kate,Cotterel,kcotterelis@liveinternet.ru
1678,Kenneth,Mattiassi,kmattiassiit@amazon.co.jp
1679,Deirdre,Mugleston,dmuglestoniu@smugmug.com
1680,Hazlett,Giamelli,hgiamelliiv@blinklist.com
1681,Chance,Demsey,cdemseyiw@pcworld.com
1682,Verena,Morsom,vmorsomix@hp.com
1683,Moshe,Gorsse,mgorsseiy@bing.com
1684,Donia,Jossum,djossumiz@sina.com.cn
1685,Claudelle,Mattingley,cmattingleyj0@pagesperso-orange.fr
1686,Neville,MacGarvey,nmacgarveyj1@stanford.edu
1687,Patricia,Huban,phubanj2@dyndns.org
1688,Gradeigh,Bloxland,gbloxlandj3@about.me
1689,Glynn,Whild,gwhildj4@gravatar.com
1690,Mary,Thompstone,mthompstonej5@xrea.com
1691,Sheree,Oxenford,soxenfordj6@trellian.com
1692,Lombard,Davidy,ldavidyj7@earthlink.net
1693,Amaleta,Targetter,atargetterj8@yahoo.com
1694,Callean,Antonnikov,cantonnikovj9@dagondesign.com
1695,Katherine,Chew,kchewja@indiatimes.com
1696,Delmor,Pardew,dpardewjb@pen.io
1697,Cesare,Kordova,ckordovajc@meetup.com
1698,Hort,Wilber,hwilberjd@deviantart.com
1699,Gideon,Bartkowiak,gbartkowiakje@bbb.org
1700,Eugen,Nevet,enevetjf@is.gd
1701,Burnard,Cotte,bcottejg@tamu.edu
1702,Lindsay,Alennikov,lalennikovjh@studiopress.com
1703,Nancey,Bales,nbalesji@ox.ac.uk
1704,Jeri,Phifer,jphiferjj@squidoo.com
1705,Padraig,Avent,paventjk@ftc.gov
1706,Gabriella,Rebeiro,grebeirojl@google.ru
1707,Antony,Pococke,apocockejm@discovery.com
1708,Devin,Buckthorp,dbuckthorpjn@va.gov
1709,Shena,Ubank,subankjo@timesonline.co.uk
1710,Vergil,MacKay,vmackayjp@elegantthemes.com
1711,Catlin,Lidgey,clidgeyjq@fotki.com
1712,Marielle,Flatman,mflatmanjr@comcast.net
1713,Grete,Folcarelli,gfolcarellijs@ifeng.com
1714,Laurie,Pavlov,lpavlovjt@thetimes.co.uk
1715,Ilysa,Hallgate,ihallgateju@addthis.com
1716,Julissa,Luckcock,jluckcockjv@vistaprint.com
1717,Maddy,Ingree,mingreejw@eventbrite.com
1718,Laura,Sneezem,lsneezemjx@github.com
1719,Diane,Muffett,dmuffettjy@squidoo.com
1720,Jill,Fowkes,jfowkesjz@tmall.com
1721,Sonia,Redborn,sredbornk0@chicagotribune.com
1722,Robinson,Pioch,rpiochk1@si.edu
1723,Pattin,Chree,pchreek2@stanford.edu
1724,Leland,Ickovitz,lickovitzk3@freewebs.com
1725,Sheilah,Houdmont,shoudmontk4@paginegialle.it
1726,Kordula,Ronisch,kronischk5@yandex.ru
1727,Viva,Esherwood,vesherwoodk6@guardian.co.uk
1728,Julia,Warlowe,jwarlowek7@ask.com
1729,Whitney,Skipworth,wskipworthk8@topsy.com
1730,Nanon,Gurnay,ngurnayk9@washingtonpost.com
1731,Horatia,MacMeeking,hmacmeekingka@is.gd
1732,Garret,McKay,gmckaykb@netvibes.com
1733,Vaclav,Broadbury,vbroadburykc@ucla.edu
1734,Dag,Josselsohn,djosselsohnkd@java.com
1735,Alma,Rubbert,arubbertke@guardian.co.uk
1736,Janek,Maides,jmaideskf@hibu.com
1737,Alejandrina,Wellings,awellingskg@blogtalkradio.com
1738,Jud,Edowes,jedoweskh@bloglovin.com
1739,Annelise,Arsnell,aarsnellki@microsoft.com
1740,Carmelle,Probbings,cprobbingskj@domainmarket.com
1741,Raymond,Limon,rlimonkk@php.net
1742,Casey,Bartoszek,cbartoszekkl@ocn.ne.jp
1743,Xena,Kretchmer,xkretchmerkm@canalblog.com
1744,Florette,De la Yglesias,fdelayglesiaskn@scribd.com
1745,Adriano,Hyman,ahymanko@intel.com
1746,Hamid,Jeacocke,hjeacockekp@digg.com
1747,Emmit,Traves,etraveskq@wordpress.com
1748,Aland,Sineath,asineathkr@hexun.com
1749,Maisie,Payle,mpayleks@ask.com
1750,Maxie,Lassen,mlassenkt@51.la
1751,Dot,Wasielewicz,dwasielewiczku@shutterfly.com
1752,Tedie,Vowels,tvowelskv@merriam-webster.com
1753,Manuel,Gini,mginikw@narod.ru
1754,Frans,Spadari,fspadarikx@sogou.com
1755,Ethel,Estoile,eestoileky@wikispaces.com
1756,Vivienne,Pepperill,vpepperillkz@cbslocal.com
1757,Monique,McOrkil,mmcorkill0@ow.ly
1758,Sherilyn,Featonby,sfeatonbyl1@ucoz.ru
1759,Jane,Couzens,jcouzensl2@last.fm
1760,Codie,Hartropp,chartroppl3@oracle.com
1761,Charis,Henker,chenkerl4@bluehost.com
1762,Astra,Di Lucia,adilucial5@google.fr
1763,Ailey,Ielden,aieldenl6@reuters.com
1764,Aylmar,Lathbury,alathburyl7@answers.com
1765,Germaine,Arbon,garbonl8@epa.gov
1766,Antonia,Poltun,apoltunl9@fda.gov
1767,Tabitha,Deeney,tdeeneyla@narod.ru
1768,Cammi,Wastie,cwastielb@eventbrite.com
1769,Nelia,Sebring,nsebringlc@cbsnews.com
1770,Annmaria,Plenty,aplentyld@xrea.com
1771,Lib,Hutsby,lhutsbyle@wikia.com
1772,Genovera,Voden,gvodenlf@paypal.com
1773,Korey,Bartomieu,kbartomieulg@shareasale.com
1774,Joletta,Boatwright,jboatwrightlh@goodreads.com
1775,Bowie,Laurenzi,blaurenzili@artisteer.com
1776,Katey,Lorentz,klorentzlj@columbia.edu
1777,Lauren,Adacot,ladacotlk@amazonaws.com
1778,Dagmar,Sansome,dsansomell@blogspot.com
1779,Sven,Ivain,sivainlm@google.com.br
1780,Clair,Saywell,csaywellln@istockphoto.com
1781,Lanni,Wilman,lwilmanlo@jalbum.net
1782,Rollins,Jansema,rjansemalp@rambler.ru
1783,Sibby,Fierman,sfiermanlq@posterous.com
1784,Jim,Lombard,jlombardlr@dailymotion.com
1785,Patrice,Hiddy,phiddyls@gmpg.org
1786,Kaylee,Winslett,kwinslettlt@opensource.org
1787,Bidget,Habben,bhabbenlu@paypal.com
1788,Rolland,Bartrap,rbartraplv@canalblog.com
1789,Mikkel,Rubenczyk,mrubenczyklw@linkedin.com
1790,Jeramie,Burge,jburgelx@mtv.com
1791,Heath,Irnis,hirnisly@360.cn
1792,Brigit,Huetson,bhuetsonlz@ebay.com
1793,Ardenia,Oliva,aolivam0@amazon.de
1794,Miquela,Barnfield,mbarnfieldm1@last.fm
1795,Domingo,Westley,dwestleym2@loc.gov
1796,Juieta,Hellings,jhellingsm3@slate.com
1797,Rubin,Towe,rtowem4@nymag.com
1798,Falkner,Kenryd,fkenrydm5@cbc.ca
1799,Kienan,Mauser,kmauserm6@nationalgeographic.com
1800,Emelia,Foulkes,efoulkesm7@virginia.edu
1801,Cristina,Quinnelly,cquinnellym8@nps.gov
1802,Ulrike,Sabie,usabiem9@hc360.com
1803,Mikey,Pol,mpolma@mayoclinic.com
1804,Alfie,Edmott,aedmottmb@yellowpages.com
1805,Sidnee,Tabbitt,stabbittmc@nationalgeographic.com
1806,Ellsworth,Philpots,ephilpotsmd@guardian.co.uk
1807,Lorrie,McIlharga,lmcilhargame@so-net.ne.jp
1808,Thorvald,McAughtry,tmcaughtrymf@ask.com
1809,Kristin,Weld,kweldmg@etsy.com
1810,Mozelle,Tebbs,mtebbsmh@uiuc.edu
1811,Annabelle,Lambert-Ciorwyn,alambertciorwynmi@zimbio.com
1812,Murdoch,Rentz,mrentzmj@sfgate.com
1813,Sophi,Gibbard,sgibbardmk@newsvine.com
1814,Sylvan,Meek,smeekml@google.com
1815,Laurence,Steptoe,lsteptoemm@webs.com
1816,Allen,Barabich,abarabichmn@vk.com
1817,Josey,Dosdale,jdosdalemo@blogs.com
1818,Giustino,Dowdney,gdowdneymp@alexa.com
1819,Min,Neilson,mneilsonmq@sbwire.com
1820,Tracey,Worling,tworlingmr@youtu.be
1821,Lettie,Benyan,lbenyanms@feedburner.com
1822,Caldwell,Wakley,cwakleymt@mapquest.com
1823,Wilow,Thominga,wthomingamu@java.com
1824,Whitney,Nation,wnationmv@google.co.jp
1825,Davin,Logue,dloguemw@4shared.com
1826,Dav,Aslin,daslinmx@squarespace.com
1827,Blanche,Gillinghams,bgillinghamsmy@nymag.com
1828,Melissa,Giraudel,mgiraudelmz@ezinearticles.com
1829,Janie,Caulwell,jcaulwelln0@jugem.jp
1830,Noella,Ruddoch,nruddochn1@e-recht24.de
1831,Liliane,Ashdown,lashdownn2@cnn.com
1832,Pearle,Cauldwell,pcauldwelln3@cafepress.com
1833,Lowrance,Donnan,ldonnann4@is.gd
1834,Danny,Killcross,dkillcrossn5@trellian.com
1835,Edgar,Yushkov,eyushkovn6@macromedia.com
1836,Jethro,Hawney,jhawneyn7@ocn.ne.jp
1837,Arlan,Pettigrew,apettigrewn8@illinois.edu
1838,Angele,Cobleigh,acobleighn9@acquirethisname.com
1839,Shantee,Keyte,skeytena@comsenz.com
1840,Isidro,Oakton,ioaktonnb@amazon.co.uk
1841,Hillary,Proffer,hproffernc@cocolog-nifty.com
1842,Catharina,Bickerton,cbickertonnd@lulu.com
1843,Neil,Ogg,noggne@wufoo.com
1844,Alaine,McKinless,amckinlessnf@patch.com
1845,Miguel,Fromont,mfromontng@issuu.com
1846,Moira,Kares,mkaresnh@paginegialle.it
1847,Tracy,Drable,tdrableni@marriott.com
1848,Zorana,Sherburn,zsherburnnj@hhs.gov
1849,Paulita,Cassel,pcasselnk@tmall.com
1850,Wini,Yacobsohn,wyacobsohnnl@bravesites.com
1851,Bonita,Sobey,bsobeynm@qq.com
1852,Nanni,Avraam,navraamnn@ebay.co.uk
1853,Minnie,Jedrzejczak,mjedrzejczakno@hostgator.com
1854,Andra,Izkovicz,aizkovicznp@youtu.be
1855,Carlyn,Vickors,cvickorsnq@skype.com
1856,Cordi,Whorf,cwhorfnr@google.fr
1857,Felice,Bonwell,fbonwellns@studiopress.com
1858,Raychel,Rayment,rraymentnt@unicef.org
1859,Winston,Faircliff,wfaircliffnu@uiuc.edu
1860,Amitie,Sayre,asayrenv@elpais.com
1861,Federica,Moulding,fmouldingnw@samsung.com
1862,Helene,Guy,hguynx@pen.io
1863,Hana,Harrowing,hharrowingny@webmd.com
1864,Bianka,Knight,bknightnz@myspace.com
1865,Cart,Kettleson,ckettlesono0@tiny.cc
1866,Shay,MacPherson,smacphersono1@list-manage.com
1867,Ninnette,Wark,nwarko2@wp.com
1868,Devora,Maddern,dmadderno3@utexas.edu
1869,Ramonda,Normavell,rnormavello4@xinhuanet.com
1870,Ewart,Thorsby,ethorsbyo5@tuttocitta.it
1871,Miquela,Fandrich,mfandricho6@washingtonpost.com
1872,Sheena,Emlin,semlino7@163.com
1873,May,Sawdon,msawdono8@fotki.com
1874,Ike,Flaherty,iflahertyo9@dell.com
1875,Lenci,Brookshaw,lbrookshawoa@live.com
1876,Diandra,Barnham,dbarnhamob@typepad.com
1877,Toddy,Febre,tfebreoc@dot.gov
1878,Husain,Hutchin,hhutchinod@economist.com
1879,Sonni,Gontier,sgontieroe@jimdo.com
1880,Manuel,Laborda,mlabordaof@statcounter.com
1881,Francesca,Grevatt,fgrevattog@google.de
1882,Jolee,Alejandre,jalejandreoh@ovh.net
1883,Newton,Miguel,nmigueloi@japanpost.jp
1884,Julie,Mengo,jmengooj@symantec.com
1885,Joly,Peeters,jpeetersok@joomla.org
1886,Keefer,Triner,ktrinerol@hc360.com
1887,Carissa,Corking,ccorkingom@over-blog.com
1888,Natala,Caswill,ncaswillon@t.co
1889,Jorrie,Pedder,jpedderoo@marketwatch.com
1890,Geralda,Czaja,gczajaop@businessinsider.com
1891,Vicky,Beenham,vbeenhamoq@163.com
1892,Doretta,Dudderidge,ddudderidgeor@yahoo.com
1893,Hannah,Highton,hhightonos@squidoo.com
1894,Melessa,Cockarill,mcockarillot@examiner.com
1895,Blondell,Mcmanaman,bmcmanamanou@mac.com
1896,Harriet,Hysom,hhysomov@eepurl.com
1897,Garrick,Rhucroft,grhucroftow@cbsnews.com
1898,Rheta,Sparrowe,rsparroweox@jimdo.com
1899,Johnathan,Gothrup,jgothrupoy@home.pl
1900,Vivie,McVie,vmcvieoz@oracle.com
1901,Thedrick,Henrichs,thenrichsp0@businesswire.com
1902,Odille,Caldecourt,ocaldecourtp1@google.it
1903,Hilary,Vispo,hvispop2@printfriendly.com
1904,Kaila,Geeraert,kgeeraertp3@accuweather.com
1905,Whitney,Lathe,wlathep4@cyberchimps.com
1906,Monro,Gumme,mgummep5@gnu.org
1907,Uriah,Blown,ublownp6@tamu.edu
1908,Burgess,Grieve,bgrievep7@smugmug.com
1909,Rhody,Dorbin,rdorbinp8@baidu.com
1910,Zolly,Theml,zthemlp9@weather.com
1911,Alta,Cassell,acassellpa@independent.co.uk
1912,Aldon,Skone,askonepb@skype.com
1913,Thacher,Lacey,tlaceypc@java.com
1914,Kayle,MacPaik,kmacpaikpd@dmoz.org
1915,Derwin,Matashkin,dmatashkinpe@ftc.gov
1916,Nady,Toombes,ntoombespf@google.ru
1917,Eldridge,Knighton,eknightonpg@telegraph.co.uk
1918,Torry,Croster,tcrosterph@dagondesign.com
1919,Henka,Inns,hinnspi@dell.com
1920,Dorelle,Heinemann,dheinemannpj@naver.com
1921,Candis,Wakes,cwakespk@constantcontact.com
1922,Edwin,Claiden,eclaidenpl@vimeo.com
1923,Hoyt,Labin,hlabinpm@ifeng.com
1924,Mala,Pauly,mpaulypn@e-recht24.de
1925,Drusie,Eakin,deakinpo@mashable.com
1926,Cristian,Peeke-Vout,cpeekevoutpp@wired.com
1927,Beatrice,Woolerton,bwoolertonpq@amazon.co.jp
1928,Leanora,Swannack,lswannackpr@sciencedaily.com
1929,Merralee,Nolan,mnolanps@icio.us
1930,Evie,Tuff,etuffpt@eepurl.com
1931,Aarika,Leith-Harvey,aleithharveypu@xinhuanet.com
1932,Dolf,Reynoollds,dreynoolldspv@salon.com
1933,Emmery,Kissick,ekissickpw@nytimes.com
1934,Isak,Spadelli,ispadellipx@webmd.com
1935,Jarrid,Camamile,jcamamilepy@netscape.com
1936,Denney,Jest,djestpz@bloglines.com
1937,Lia,Danslow,ldanslowq0@ustream.tv
1938,Dannie,Kerslake,dkerslakeq1@nba.com
1939,Niall,Dicke,ndickeq2@google.com
1940,Carroll,Brixey,cbrixeyq3@cdc.gov
1941,Renie,Peacock,rpeacockq4@yandex.ru
1942,Agnese,Kuhnwald,akuhnwaldq5@chronoengine.com
1943,Lorens,Titchard,ltitchardq6@amazon.co.jp
1944,Donia,Tapsell,dtapsellq7@ft.com
1945,Skip,Dredge,sdredgeq8@newsvine.com
1946,Sollie,Pimlott,spimlottq9@oaic.gov.au
1947,Marilin,Tourne,mtourneqa@feedburner.com
1948,Jeannie,Hackforth,jhackforthqb@independent.co.uk
1949,Gino,Clevely,gclevelyqc@rakuten.co.jp
1950,Augusta,Semerad,asemeradqd@deviantart.com
1951,Brice,Pass,bpassqe@vistaprint.com
1952,Samaria,Cappel,scappelqf@gravatar.com
1953,Annabel,Shepherdson,ashepherdsonqg@over-blog.com
1954,Angelique,Goodwin,agoodwinqh@go.com
1955,Sebastiano,Widdocks,swiddocksqi@pinterest.com
1956,Haydon,Jammes,hjammesqj@ucoz.ru
1957,Reiko,Copcutt,rcopcuttqk@slate.com
1958,Brina,Abelovitz,babelovitzql@nasa.gov
1959,Miguela,Morican,mmoricanqm@zimbio.com
1960,Ira,Cocozza,icocozzaqn@flickr.com
1961,Jarret,Booij,jbooijqo@google.ca
1962,Carlyle,Attwater,cattwaterqp@comsenz.com
1963,Cory,Bartoszewski,cbartoszewskiqq@merriam-webster.com
1964,Antony,Balmann,abalmannqr@nature.com
1965,Willy,Manby,wmanbyqs@photobucket.com
1966,Myron,Boland,mbolandqt@buzzfeed.com
1967,Allyn,Jaggard,ajaggardqu@unblog.fr
1968,Vanni,Longforth,vlongforthqv@epa.gov
1969,Giulietta,Hanks,ghanksqw@mlb.com
1970,Kimberly,Dunmore,kdunmoreqx@liveinternet.ru
1971,Kimmie,Erbe,kerbeqy@hud.gov
1972,Gavrielle,d' Eye,gdeyeqz@typepad.com
1973,Horatia,Haig,hhaigr0@globo.com
1974,Jacklyn,Facer,jfacerr1@biblegateway.com
1975,Sherman,Wenger,swengerr2@rakuten.co.jp
1976,Stanislaw,Massei,smasseir3@geocities.com
1977,Bordie,Keyzman,bkeyzmanr4@sun.com
1978,Coriss,Tidridge,ctidridger5@bizjournals.com
1979,Sianna,Cotgrove,scotgrover6@sphinn.com
1980,Filmer,Crawcour,fcrawcourr7@exblog.jp
1981,Nat,Dufaire,ndufairer8@reference.com
1982,Talbert,Purrier,tpurrierr9@mtv.com
1983,Kalinda,Lavigne,klavignera@columbia.edu
1984,Trudey,Itzhaki,titzhakirb@hao123.com
1985,Loren,Weare,lwearerc@wikispaces.com
1986,Page,Holsey,pholseyrd@springer.com
1987,Kellen,Hellens,khellensre@spotify.com
1988,Reggy,Klossek,rklossekrf@taobao.com
1989,Shelia,De Ruel,sderuelrg@google.it
1990,Evered,Ovell,eovellrh@sohu.com
1991,Stefano,Ech,sechri@t-online.de
1992,Celisse,Mickleborough,cmickleboroughrj@t-online.de
1993,Norma,Arminger,narmingerrk@delicious.com
1994,Vasili,Jime,vjimerl@bbb.org
1995,Delphine,Sergent,dsergentrm@jugem.jp
1996,Byron,Mayor,bmayorrn@netscape.com
1997,Janean,Coatsworth,jcoatsworthro@purevolume.com
1998,Georgeanna,Garman,ggarmanrp@surveymonkey.com
1999,Ardeen,Caret,acaretrq@wsj.com
2000,Delora,Bigglestone,dbigglestonerr@usatoday.com
