"publisher_id","publisher_name"
1,"10/18"
2,"1st Book Library"
3,"1st World Library"
4,A & C Black (Childrens books)
5,A Harvest Book/Harcourt Inc.
6,A K PETERS
7,AA World Services
8,Abacus
9,Abacus Books
10,Abacus Books (London)
11,Abdo Publishing Company
12,Abingdon Press
13,Abradale Books/Harry N. Abrams
14,Abraham Guillen Press
15,Abrams
16,Absolute Press
17,Abstract Studio
18,Academic Press
19,Academica Press
20,Academy Chicago Publishers
21,Ace
22,Ace Book
23,Ace Books
24,Ace Hardcover
25,Ace Trade
26,Ace/SFBC
27,Acento Editorial
28,Acropolis Books (NY)
29,Actes Sud
30,Adamant Media Corporation
31,Adams Media
32,Addison Wesley
33,Addison Wesley Publishing Company
34,Addison-Wesley Professional
35,ADV Manga
36,Advantage World Press
37,Adventures Unlimited Press
38,Aegypan
39,Aerie
40,AHA! Process
41,AIT Planet Lar
42,Aivia Press
43,AK Press
44,Akashic Books/Punk Planet Books
45,Aladdin
46,Aladdin Paperbacks
47,Alan Rodgers Books
48,Albert Whitman Company
49,Albin Michel
50,Albury Publishing
51,Alcoholics Anonymous World Services Inc
52,Alderac Entertainment Group
53,Alderac Entertainment Group (AEG)
54,Alfabeta Bokförlag
55,Alfaguara
56,Alfaguara Infantil
57,Alfred A. Knopf
58,Alfred A. Knopf Inc.
59,Alfred A. Knopf Books for Young Readers
60,Alfred A. Knopf Borzoi Books
61,Alfred A.Knopf
62,Algonquin Books
63,Alianza Editorial
64,Alison Green Books
65,Allen & Ulwin
66,Allen Lane
67,Alliance Publishing
68,Allworth
69,Allyn & Bacon
70,Alpha
71,Alpha Books
72,Alyson Books
73,Amadeus
74,Amereon Limited
75,Amereon Ltd
76,America's Test Kitchen
77,American Diabetes Association
78,American Girl Publishing Inc
79,American University in Cairo Press
80,Amherst Media
81,Amherst Media Inc.
82,Amistad
83,Amistad Press
84,AMR/Advanced Management Reports
85,Anagrama
86,Anchor
87,Anchor Bible
88,Anchor Books
89,Anchor Books/Knopf Doubleday Publishing Group
90,Anchor Canada
91,Andrews and McMeel
92,Andrews McMeel Publishing
93,Ann Arbor Media
94,Annick Press
95,Applause Books
96,Applause Theatre & Cinema Book Publishers
97,Apple
98,Apple Paperbacks (Scholastic)
99,Applewood Books
100,Apress
101,Arbordale Publishing
102,Arcade Publishing
103,Arcadia Publishing
104,Arcadia Publishing (SC)
105,Archaia
106,Archie Comics
107,Archipelago Books
108,Arden Shakespeare
109,Aris & Phillips
110,Aris and Phillips
111,Arkana
112,Arkana/Penguin
113,Arkham House Publishers
114,Arléa
115,Arlington House
116,Arrow
117,Arrow (A Division of Random House Group)
118,Arrow Books
119,Arrow Books Ltd
120,Arsenal Pulp Press
121,Arthur A. Levine
122,Arthur A. Levine Books
123,Arthur A. Levine Books / Scholastic Inc.
124,Artisan
125,Arts Publications
126,ASCD
127,Ash Tree Publishing
128,Ash-Tree Press
129,Aspect
130,Association for Scottish Literary Studies
131,Association for Supervision & Curriculum Development
132,Atelos Press
133,Atheneum
134,Atheneum Books
135,Atheneum Books for Young Readers
136,Atheneum Books for Young Readers: Richard Jackson Books
137,Atheneum/Richard Jackson Books
138,Atlantic
139,Atlantic Books
140,Atlantic Books (UK)
141,Atlantic Monthly Press
142,Atlantic Monthly Press (NYC)
143,Atlas Books/HarperCollins Publishers
144,Atria Books
145,Audio Literature
146,Audio Partners
147,Audio Renaissance
148,AudioGO
149,AudioText
150,Augsburg Fortress Publishing
151,Aurum
152,Aurum Press
153,Authorhouse
154,AVA Publishing
155,Avalon Travel
156,Ave Maria Press
157,Avenel Books
158,Avery
159,Avery Publishing Group
160,Avon
161,Avon Books
162,Avon Books (AvoNova)
163,Avon Books (P)
164,Avon HarperCollins
165,AvonEos
166,Award Books
167,B Books
168,B Fiction
169,B.E.S. Publishing
170,B&H Publishing Group
171,Babel
172,Back Bay
173,Back Bay Books
174,Backinprint.com
175,Backstage Books
176,Baen
177,Baen Books
178,Baker Books
179,Ballantine
180,Ballantine Books
181,Ballantine Books (NY)
182,Banner of Truth
183,Bantam
184,Bantam (Fanfare Imprint)
185,Bantam (Fanfare)
186,Bantam Books
187,Bantam Books Inc.
188,Bantam Books (NY)
189,Bantam Classic
190,Bantam Classics
191,Bantam Doubleday Dell (NYC)
192,Bantam Doubleday Dell Publishing Company Inc.
193,Bantam Doubleday Dell Publishing Group
194,Bantam Press
195,Bantam Skylark
196,Bantam Spectra
197,Bantam Spectra (NY)
198,Bantam Starfire
199,BantamSpectra
200,Bantem Press
201,Barbour Books
202,Barefoot Books
203,Barn Owl Books
204,Barnes Noble
205,Barnes Noble Classics
206,Barnes & Noble
207,Barnes & Noble Books
208,Barnes & Noble Classics
209,Baronet Books
210,Barricade Books
211,Barrington Stoke
212,Barron's Educational Series
213,Barrons Educational Series
214,Basic Books
215,Basic Books (AZ)
216,Basil Blackwell (Cambridge MA/Oxford)
217,Bastei Lübbe
218,Baton Wicks
219,Batsford
220,BBC Audiobooks
221,BBC Audiobooks America
222,BBC Audiobooks Ltd
223,BBC Books
224,BBC Physical Audio
225,BBC Worldwide
226,BCP/Duckworth Publishing
227,Be Beautiful
228,Beach Lane Books
229,Beacon Press
230,Beacon Press (Boston)
231,Bear Company
232,Beckett Media
233,Bedford Books
234,Bedford/St. Martin's
235,Belknap Press
236,Belknap Press of Harvard University Press
237,Beltz und Gelberg
238,BenBella Books
239,Benjamin Cummings
240,Benjamin-Cummings Publishing Company
241,Benziger
242,Berkley
243,Berkley Books
244,Berkley Books (NY)
245,Berkley Hardcover
246,Berkley Heat
247,Berkley Prime Crime
248,Berkley Prime Crime Books
249,Berkley Publishing
250,Berkley Publishing Group
251,Berkley Sensation
252,Berkley Trade
253,Berlitz Kids
254,Berrett-Koehler Publishers
255,Bertrand
256,Bethany House Publishers
257,Better Homes and Gardens Books
258,Between the Lines Productions
259,BiblioLife
260,Big Finish
261,Billboard Books
262,Birlinn
263,Birlinn Ltd
264,Bison Books
265,Black Classic Press
266,Black Dog & Leventhal
267,Black Dog & Leventhal Publishers
268,Black Lizard Books
269,Black Sparrow Press
270,Black Swan
271,Blackstone Audiobooks
272,Blackstone Publishing
273,Blackwell Publishers
274,Blackwell Publishing Inc.
275,Blanvalet Taschenbuch
276,Blanvalet Taschenbuch Verlag
277,Blanvalet Verlag GmbH
278,Blood Moon Productions
279,Bloomsbury
280,Bloomsbury (NYC)
281,Bloomsbury / Continuum
282,Bloomsbury Academic
283,Bloomsbury Arden Shakespeare
284,Bloomsbury Children's Books
285,Bloomsbury Childrens Books
286,Bloomsbury Methuen Drama
287,Bloomsbury Paperbacks
288,Bloomsbury Publishing
289,Bloomsbury Publishing PLC
290,Bloomsbury U.S.A. Children's Books
291,Bloomsbury UK
292,Bloomsbury USA
293,Bloomsbury USA Children's Books
294,Bloomsbury USA Childrens
295,Blu
296,Blue Sky Press
297,Bolchazy-Carducci Publishers
298,Bold Strokes Books
299,Bollingen/Princeton University Press (NJ)
300,Book of the Month Club
301,Book Publishing Company
302,Book Publishing Company (TN)
303,Bookclub-In-A-Box
304,Booket
305,Booklocker.com Inc.
306,Books on Tape
307,Booksales
308,Bookspan
309,Boosey & Hawkes Inc
310,Borgo Press
311,Boston Common Press
312,Bradford Book
313,BradyGames
314,Bragelonne
315,Brava
316,Bright Sky Press
317,Brill/Rodopi
318,Brilliance Audio
319,Bristol Classical Press
320,British Academy
321,British Film Institute
322,British Library
323,Broadview Press Inc
324,Broadway
325,Broadway Books
326,Broadway Business
327,Broadway/Crown Publishing Group
328,Brookline Books
329,Brown Son & Ferguson Ltd.
330,Bruno Gmünder
331,Bryn Mawr Commentaries
332,btb
333,Buccaneer Books
334,Bulfinch
335,Bureau of Public Secrets
336,Burford Books
337,Business Plus
338,Byblos
339,C. Bange
340,Caedmon
341,Cambridge University Press
342,Cambridge University Press/The New Cambridge Shakespeare
343,Canadian Broadcasting Corporation (CBC Audio)
344,Candlewick
345,Candlewick Press
346,Candlewick Press (MA)
347,Canongate Books
348,Canongate U.S.
349,Capstone Press
350,Cardoza
351,Carl Hanser
352,Carlsen
353,Carlton Publishing Group
354,Carole Marsh Mysteries
355,Carroll & Graf
356,Carroll & Graf Publishers
357,Cartago
358,Cartwheel
359,Casa Creacion
360,Castle Books
361,Cátedra
362,Catholic Book Publishing
363,Cavendish Square Publishing
364,CDS Books
365,Cedar Books
366,Celestial Arts
367,Cemetery Dance Publications
368,Cengage Learning
369,Center Point
370,Century
371,Chalice Press
372,Challenge Press Inc./Challcrest Press
373,Changeling Press
374,Chaosium
375,Charles Scribner's Sons
376,Charlesbridge
377,Charnwood
378,Chartwell Books
379,Chatto Windus
380,Chatto & Windus
381,Chatto and Windus
382,Checkmark Books
383,Chelsea House Publications
384,Chelsea House Publishers
385,Cherry Lane Music Company
386,Cherry Red Books
387,Chicago Review Press
388,Chicken House
389,Chicken House / Scholastic
390,Child's Play International
391,Children's Classics
392,Children's Press(CT)
393,Chosen Books
394,Christian Classics
395,Chronicle Books
396,Chu Hartley Publishers LLC
397,Churchill Livingstone
398,Circlet Press
399,Círculo de Lectores
400,Cisne
401,Cistercian Publications
402,Citadel
403,Citadel Press
404,City Lights
405,City Lights Publishers
406,Civitas Books
407,Claassen Verlag
408,Clarendon Press
409,Clarion Books
410,Clarity Press
411,Clarkson Potter
412,Clarkson Potter Publishers
413,Clarkson Potter/Publishers
414,Classic Books
415,Cleis Press
416,Cliffs Notes
417,CMX
418,Coffee House Press
419,Cold Spring Harbor Laboratory Press
420,Cold Spring Press
421,Collection of Historical Scientific Instruments
422,Collector's Library
423,Collectors Library
424,Collier Books
425,Collins
426,Collins Design
427,Collins Modern Classics
428,Collins Publishers
429,Collins Reference
430,Columbia Pictures Pubns
431,Columbia University Press
432,ComicsLit
433,ComicsOne Corporation
434,Companhia das Letras
435,Conari Press
436,Condor Books
437,Contemporary Books
438,Contemporary French Fiction
439,Continuum
440,Cook's Illustrated
441,Cooper Square Press
442,Cooper Square Publishers
443,Copernicus Books
444,Copper Canyon Press
445,Corgi
446,Corgi Books
447,Corgi Books (Adult)
448,Corgi Childrens
449,Cornell University Press
450,Cornerstone Press Chicago
451,Coronet
452,Coronet Books (GB)
453,Cosimo Classics
454,Cosmos Books (OH)
455,Council Oak Books
456,Council Press
457,Counterpoint
458,Counterpoint LLC
459,Countryman Press
460,Courage Books
461,Course Technology
462,CQ Press
463,CRC Press
464,Creation Books
465,Crescent
466,Critica (Grijalbo Mondadori)
467,Crossing Press
468,Crossroad
469,Crossroad Publishing Company
470,Crossway Books
471,Crown
472,Crown Business
473,Crown Forum
474,Crown Journeys/Crown Publishers/Crown Publishing Group/Random House
475,Crown Publishers
476,Crown Publishing Group
477,Crown Publishing Group (NY)
478,Cruithne Press
479,Crystal Clarity Publishers
480,Cumberland House Publishing
481,Cybereditions Corp
482,Da Capo Press
483,Dabel Brothers Productions
484,Dabel Brothers Publishing
485,Dafina Books
486,Daimon Verlag
487,Dalkey Archive Press
488,Dante University of America Press
489,Dark Horse
490,Dark Horse Books
491,Dark Horse Comics
492,Dark Horse Manga
493,Dartmouth College Press
494,Darton Longman & Todd
495,David C Cook
496,David C. Cook
497,David R. Godine
498,David R. Godine Publisher
499,DAW
500,Daw Books
501,DAW Books (NY)
502,DAW Books Inc
503,DAW Fantasy
504,DAW Hardcover
505,DAW SF
506,DC Comics
507,DC Comics Vertigo
508,De Boekerij
509,Deadite Press (Eraserhead Press)
510,DEBOLS!LLO
511,Debolsillo
512,Dedalus
513,Dedalus Limited
514,Del Rey
515,Del Rey Ballantine Random House
516,Del Rey Books
517,Del Rey Books (NY)
518,Del Rey Fantasy
519,Del Rey/Ballantine Books
520,Delacorte Books
521,Delacorte Books for Young Readers
522,Delacorte Press
523,Delcourt
524,Dell
525,Dell Laurel-Leaf
526,Dell Publishing
527,Dell Publishing Company
528,Dell Yearling
529,Delmar Thomson Learning
530,Delta
531,Delta Publishing
532,Denoël
533,Deodand
534,Deodand Publishing
535,Dervy
536,Deseret Book Company
537,Destino Ediciones
538,Destiny Books
539,Destiny Image Incorporated
540,Deutscher Taschenbuch Verlag
541,Devil's Due Publishing
542,DeVorss & Company
543,Dey Street Books
544,Dhv der Hörverlag
545,Dial
546,Dial Books
547,Dial Press
548,Dial Press Trade Paperback
549,Diamond/Charter
550,Diana TB
551,Digireads.com
552,Digital Manga Publishing
553,Digital Manga Publishing / Dark Horse
554,Diogenes
555,Diogenes Verlag
556,Disinformation Books
557,Disinformation Company
558,Disney Editions
559,Disney Enterprises
560,Disney Hyperion Books
561,Disney Press
562,Disney-Hyperion
563,Distribooks
564,DK
565,DK Children
566,DK Publishing
567,DK Publishing (Dorling Kindersley)
568,Do-Not Press
569,Dodd Mead; 1st edition (September 1976)
570,Dodo Press
571,Doherty Tom Associates LLC
572,Dominion Press
573,Dorling Kindersley Children
574,Doubleday
575,Doubleday & Company Inc.
576,Doubleday Books
577,Doubleday Books for Young Readers
578,Doubleday Canada
579,Doubleday Publishing (NY)
580,Douglas McIntyre
581,Douglas & McIntyre
582,Dover Publications
583,Dover Publications Inc.
584,Dover Publications (NY)
585,Dover Publications (NYC)
586,Downtown Press
587,Dr. Master Productions Inc.
588,Dragon Door Publications
589,Dragonfly Books
590,Dramatists Play Service
591,Dramatists Play Service Inc.
592,Drawn and Quarterly
593,Droemer Knaur
594,dtv
595,Duke University Press Books
596,Dundurn
597,Dutton
598,Dutton Adult
599,Dutton Books
600,Dutton Books for Young Readers
601,Dutton Children's Books
602,Dutton Juvenile
603,Earthlight
604,East Bay Municipal Utility District
605,Ebury Press
606,Ecco
607,Ecco / HarperCollins
608,Ecco Press
609,Ecco/Harper Perennial
610,ECW Press
611,Edaf S.A.
612,Edebé
613,Ediciones B
614,Ediciones Glénat España
615,Ediciones Urano
616,Edicións Xerais de Galicia S.A.
617,Edimat Libros
618,Editions 10/18
619,Éditions 10/18
620,Editions de l'Olivier
621,Éditions de L'Olivier
622,Éditions de Minuit
623,Editions du Rocher
624,Éditions du Rocher
625,Editions Gallimard
626,Editorial Diana
627,Editorial Juventud
628,Editorial Presença
629,Editorial RM
630,Edwin Mellen Press
631,Eerdmans
632,Egmont Books Ltd
633,Egmont Children's Books
634,El Paso Norte Press
635,Element
636,Ellora's Cave
637,Elloras Cave
638,Ember
639,EMC/Paradigm Publishing
640,Emece Editores
641,Emecé Editores
642,Eminent Lives
643,Encounter Books
644,Enitharmon Press
645,Eos
646,Eraserhead Press
647,Eros Comix
648,Europa Editions
649,Evans Brothers
650,Everyman
651,Everyman Chess
652,Everyman Library / Overlook Press
653,Everyman Paperback Classics
654,Everyman Paperbacks
655,Everyman's Library
656,Everyman's Library 234
657,Everyman's Library Classics
658,Everymans Library
659,Exact Change
660,Express Publishing
661,F & W Publications Inc.
662,F. Meiner
663,Fab Press
664,Faber Faber
665,Faber & Faber
666,Faber & Faber Limited
667,Faber & Faber Ltd.
668,Faber and Faber
669,Faber and Faber & Penguin India
670,FaithWords
671,Fandemonium Books
672,Fanfare
673,Fantagraphics
674,Fantagraphics Books
675,Fantasy Flight Games
676,Farrar Straus & Giroux
677,Farrar Straus and Giroux
678,Farrar Straus and Giroux (BYR)
679,Farrar Straus and Giroux (NY)
680,Farrar Strauss & Giroux-3pl
681,Farrar Straus and Giroux
682,Farrar Straus Giroux
683,FASA Corp.
684,FASA Corporation
685,Fawcett
686,Fawcett Books
687,Fawcett Coventry
688,Fawcett crest
689,Fawcett Crest Books
690,Feiwel & Friends
691,Fellowship for the Performance
692,Felony & Mayhem
693,Feminist Press
694,Feral House
695,Festival
696,Festival Books
697,Filiquarian Publishing LLC.
698,Findakly
699,Firebird
700,Firebird Books
701,Firebrand Books
702,Firelight Press
703,Fireside
704,Fireside Books
705,First Avenue Editions (Tm)
706,Fischer (Tb.)
707,Fischer Taschenbuch Verlag
708,Fischer TB
709,Fithian Press
710,Five Star (ME)
711,Five Star Trade
712,Flamingo
713,Fleming H Revell Co
714,Fleming H. Revell Company
715,Focal Press
716,Focus
717,Focus on the Family Publishing
718,Focus Publishing/R. Pullins Company
719,Fodor's
720,Folio
721,Folio histoire
722,FonoLibro
723,Fontana
724,Fontana Books
725,Fontana Press
726,For Dummies
727,Forge
728,Forge Books
729,Fortress Press
730,Fount
731,Four Ninety-Eight Productions
732,Four Walls Eight Windows Press
733,Fourth Estate
734,Fourth Estate (GB)
735,Fourth Estate Ltd
736,Fourth Estate Paperbacks
737,Franklin Watts
738,Frederick P. Lenz Foundation for American Buddhism
739,Fredonia Books (NL)
740,Free Press
741,Free Spirit Publishing
742,French & European
743,French & European Publications
744,French & European Pubns
745,FT Press
746,Fulcrum Publishing
747,Futura
748,G. P. Putnam's Sons
749,G.P. Putnam's Sons
750,G.P. Putnam's Sons Books for Young Readers
751,Gaia Books
752,Galahad Books
753,Gale Cengage
754,Gallery / Saga Press
755,Gallery Books
756,Gallimard
757,Gallimard Education
758,Gallimard Jeunesse
759,Gallopade International
760,Gamble Guides
761,Games Workshop
762,Games Workshop(uk)
763,Gardners Books
764,Gauntlet Press
765,Geddes & Grosset
766,Gemstone Publishing
767,Geoplaneta
768,George Braziller
769,George Braziller Inc.
770,Gibbs Smith
771,Gibbs Smith Publishers
772,Gingko Press
773,Glénat
774,Globe
775,Godsfield Press Ltd
776,Gold Eagle
777,Golden Books
778,Golden Gryphon Press
779,Golden/Disney
780,Goldmann
781,Goldmann Verlag
782,Gollancz
783,Gollehon Books
784,Gotham
785,Grafton
786,Gramedia Pustaka Utama
787,Gramercy
788,Gramercy Books
789,Grand Central
790,Grand Central Life & Style
791,Grand Central Publishing
792,Grand Central Publishing (Formerly Warner Books)
793,Granta
794,Granta Books
795,Granta UK
796,Graphics Press
797,Graphics Press LLC
798,Grasset
799,Graywolf Press
800,Green Integer
801,Green Ronin Publishing
802,Greenery Press (CA)
803,Greenwillow Books
804,Greenwood
805,Greenwood Press
806,Griffin
807,Grijalbo
808,Grijalbo Mondadori Sa
809,Grosset & Dunlap
810,Grove Press
811,Grove Press Black Cat
812,Grove Press Granta
813,Grove Press Open City Books
814,Grove Press (NYC)
815,Grove Weidenfeld
816,Grove/Atlantic Inc.
817,Grupo Editorial Norma S.A.
818,Grupo Océano
819,Gun Digest Books
820,Gurze Books
821,Gürze Books
822,Hachette
823,Hachette Audio
824,Hachette Books
825,Hachette Children's
826,Hachette Jeunesse
827,Hachette Littérature
828,Hackett Publ. Co Inc
829,Hackett Publishing Company
830,Hackett Publishing Company Inc.
831,Hackett Publishing Company Inc. (USA)
832,Hackett Publishing Company (Indianapolis IN)
833,Hakusen Sha
834,Hal Leonard Pub Corp
835,Hal Leonard Publishing Corporation
836,Hamish Hamilton
837,Hamish Hamilton Ltd
838,Hampton Roads Publishing Company
839,Harbor Press
840,Harcourt
841,Harcourt Brace Jovanovich
842,Harcourt Brace Jovanovich/Harvest
843,Harcourt Inc.(Harvest Book)
844,Harcourt Brace
845,Harcourt Brace & Company
846,Harcourt Brace Jovanovich
847,Harcourt Brace Jovanovich (NY)
848,Harcourt Children's Books
849,Hard Crime Case
850,Hard Press
851,Harlequin
852,Harlequin American Romance
853,Harlequin Anthologies
854,Harlequin Blaze
855,Harlequin Books
856,Harlequin Historical
857,Harlequin Presents
858,Harlequin Readers' Choice
859,Harlequin Romance
860,Harlequin Special Releases
861,Harlequin Superromance
862,Harlequin Temptation
863,Harmony
864,Harper
865,Harper & Row
866,Harper & Row (NYC et al.)
867,Harper Audio
868,Harper Business
869,Harper Collins
870,Harper Design
871,Harper Element
872,Harper Paperbacks
873,Harper Perennial
874,Harper Perennial (HarperCollins)
875,Harper Perennial (NYC)
876,Harper Perennial Classics
877,Harper Perennial Modern Classics
878,Harper Teen
879,Harper Trophy
880,Harper Voyager
881,HarperAudio
882,HarperCollins
883,HarperCollins (SanFrancisco)
884,Harpercollins Children's Books
885,Harpercollins Childrens Books
886,HarperCollins Espanol
887,HarperCollins Leadership
888,HarperCollins Perennial
889,HarperCollins Publishers
890,HarperCollins Publishers Inc.
891,HarperCollins Publishers Ltd
892,HarperCollins UK
893,HarperCollinsChildren’sBooks
894,HarperCollinsPublishers
895,HarperEntertainment
896,HarperFestival
897,HarperLargePrint
898,HarperOne
899,HarperPaperbacks
900,HarperPerennial
901,HarperPerennial / Perennial Classics
902,HarperPrism
903,HarperResource
904,HarperSanFrancisco
905,HarperTeen
906,HarperTempest
907,HarperTorch
908,HarperTorch (an imprint of HarperCollins Publishers)
909,HarperTrophy
910,HarperVoyager
911,Harpperen
912,Harrison House
913,Harry N. Abrams
914,Hartley & Marks Publishers
915,Hartorch
916,Harvard Business Review Press
917,Harvard Common Press
918,Harvard University Press
919,Harvard University Press (Cambridge MA)/Wm Heinemann Ltd. (London)
920,Harvard University Press (Cambridge)
921,Harvest / Harcourt
922,Harvest Books
923,Harvest Books/Harcourt
924,Harvest House Publishers
925,Harvill Press
926,Haus Publishing
927,Hawthorne Books
928,Hay House
929,Haymarket Books
930,Haynes Manuals N. America Inc.
931,Hazelden Publishing
932,Hci
933,Headline
934,Headline Book Pub Ltd
935,Headline Book Publishing
936,Headline Feature
937,Headline Review
938,Healing Arts Press
939,Health Communications
940,Health Communications Inc
941,Hearst Communications
942,Heinemann
943,Heinemann Drama
944,Heinemann Educational Books
945,Heinemann Library
946,Heinemann-Octopus
947,Heinle
948,Helen Marx Books
949,Henry Holt
950,Henry Holt & Company
951,Henry Holt and Co.
952,Henry Holt and Co. (BYR)
953,Henry Holt and Company
954,Here's Life Publishers
955,Hesperus Press
956,Heyne
957,High Point Media
958,High Roads Media
959,Highbridge Audio
960,HighBridge Company
961,Hill & Wang
962,Hill & Wang Publ. (NY)
963,Hill and Wang
964,Hiperión
965,Hippo/Scholastic
966,History Press Ltd
967,HJ Kramer
968,HMH Books for Young Readers
969,Hodder
970,Hodder & Stoughton
971,Hodder & Stoughton Educational Division
972,Hodder & Stoughton Ltd
973,Hodder and Stoughton
974,Hodder Audio
975,Hodder Children's Books
976,Hodder Mobius
977,Hodder Wayland
978,Holiday House
979,Holloway House
980,Holt Rinehart and Winston Inc.
981,Holt McDougal
982,Holt Paperbacks
983,Honor Books
984,Houghton Mifflin
985,Houghton Mifflin Co. (Boston/NY)
986,Houghton Mifflin Company
987,Houghton Mifflin Harcourt
988,Houghton Mifflin Harcourt P
989,Houghton Mifflin/Seymour Lawrence
990,House of Anansi Press
991,House of Stratus
992,Hovel Audio
993,Howard Books
994,Howard Publishing Co
995,Howard University Press
996,Hqn
997,HQN Books
998,Hub City Press
999,Hungry Minds
1000,Huntington House Publishers
1001,Hyperio
1002,Hyperion
1003,Hyperion Books
1004,Hyperion Books for Children
1005,Hyperion Paperbacks
1006,iBooks
1007,Icon Books
1008,IDW Publishing
1009,Ig Publishing
1010,Ignatius Press
1011,Image
1012,Image Comics
1013,Impact
1014,Imprint Academic
1015,Indiana University Press
1016,Indigo
1017,IndyPublish.com
1018,Inkling Books
1019,Inner City Books
1020,Inner Light - Global Communications
1021,Inner Traditions
1022,Inner Traditions International
1023,Insel
1024,Insel Frankfurt
1025,Insight International
1026,Inter Varsity Press
1027,Inter-Varsity Press
1028,Intercultural Publishing
1029,Interlink Publishing Group
1030,International Code Council
1031,International Polygonics
1032,International Publishers
1033,International Publishers (NYC)
1034,InterVarsity Press
1035,Island
1036,Island Books
1037,Island Press
1038,It Books
1039,iUniverse
1040,Ivan R. Dee
1041,Ivan R. Dee Publisher
1042,Ivan R. Dee Publisher
1043,IVP Academic
1044,IVP Books
1045,Ivy Books
1046,"Izdavačka agencija ""Draganić"""
1047,J'ai Lu
1048,Jane Nissen Books
1049,Jessica Kingsley Publishers
1050,Jimmy Patterson
1051,Joanna Cotler Books
1052,Joanna Cotler Books/HarperCollinsPublishers
1053,John F. Blair Publisher
1054,John Wiley
1055,John Wiley & Sons
1056,Johns Hopkins University Press
1057,Johnson Publishing Company (IL)
1058,Jonathan Cape
1059,Jones & Bartlett Publishers
1060,Jones Books
1061,Joshua Odell Editions
1062,Jossey-Bass
1063,Jove
1064,Jove Books
1065,Julia MacRae
1066,Julie Andrews Collection
1067,Jump At The Sun
1068,K.G. Saur Verlag
1069,Kabel Verlag GmbH Ernst
1070,Kaplan
1071,Kaplan Publishing
1072,Keep It Simple Books
1073,Kensington
1074,Kensington Publishing Corporation
1075,Kent State University Press
1076,Kent State University Press (OH)
1077,Kessinger Publishing
1078,Kids Can Press
1079,Kiepenheuer & Witsch
1080,Kindle
1081,Kingfisher
1082,KiWi
1083,Klett
1084,Klincksieck
1085,Knopf
1086,Knopf Books for Young Readers
1087,Knopf Doubleday Publishing Group
1088,Knopf Publishing Group
1089,Knowledge Products
1090,Kodansha
1091,Kodansha America
1092,Kodansha International
1093,Konemann
1094,Krause Publications
1095,Kregel Academic & Professional
1096,Kregel Publications
1097,Kuperard
1098,Kyle Books
1099,L.A. Weekly Books
1100,l'ecole des loisirs
1101,La factoría de ideas
1102,Laffont
1103,Lama Foundation (San Cristobal NM)
1104,Lantern Books
1105,Large Print Press
1106,Lark Books
1107,Larousse
1108,Larousse Kingfisher Chambers
1109,Lasser Press
1110,Laurel
1111,Laurel Leaf
1112,Laurel Leaf Books
1113,Laurel Leaf Library
1114,Laurel Press
1115,Laurel-Leaf Books
1116,Lawbook Exchange Ltd.
1117,Lawrence Hill Books
1118,Le Livre de Poche
1119,Learning Matters
1120,Lectorum
1121,Lectorum Publications
1122,Leete's Island Books
1123,Legend
1124,Leisure
1125,Leisure Books
1126,Lerner Publications
1127,Let's Go Publications
1128,LGF
1129,Libraries Unlimited
1130,Library of America
1131,Library of America (NY)
1132,Library of American Comics
1133,Library of Liberal Arts/Bobb-Merrill (Indianapolis IN)
1134,Libros para ninos
1135,Liguori Publications
1136,Limelight
1137,Limelight Editions
1138,Limitless Corporation
1139,Lions
1140,Lippincott Williams & Wilkins
1141,List
1142,List Taschenbuch
1143,Listening Library
1144,Listening Library (Audio)
1145,Literatura Random House
1146,Little Brown
1147,Little Brown & Company
1148,Little Brown & Company (Boston/Toronto)
1149,Little Brown and Company
1150,Little Brown Book Group
1151,Little Brown Books for Young Readers
1152,Little Brown Young Readers
1153,Little Apple
1154,Little Bookroom
1155,Little Brown
1156,Little Brown and Company
1157,Little Simon
1158,Live Oak Media
1159,Liveright
1160,Liveright Publishing Corp.
1161,Liveright/W.W. Norton & Company Inc.
1162,Living Books
1163,Livre de Poche
1164,Llewellyn Publications
1165,Lodestar Books
1166,Loeb Classical Library
1167,Loeb Classical Library 307
1168,Loeb Classical Library 443
1169,Loeb Classical Library/Harvard University Press
1170,London : Collins 2004.
1171,London : Faber 2002
1172,Lone Oak Press
1173,Lonely Planet
1174,Longman
1175,Longman Publishing Group
1176,Longman Schools Division (a Pearson Education Company)
1177,Longmeadow Press
1178,Loose Id LLC
1179,Love Inspired
1180,Love Spell
1181,Loveswept
1182,Loyola Classics
1183,Loyola Press (Chicago)
1184,LSU Press
1185,Luath Press Ltd
1186,Lübbe
1187,Lucas Books
1188,Lucent Books
1189,Lulu Press
1190,Lulu.com
1191,Lumen
1192,Luna
1193,Luna Books
1194,LWW
1195,Lyons Press
1196,MacAdam/Cage
1197,Macmillan
1198,MacMillan Audio
1199,MacMillan Children's Books
1200,MacMillan General Books
1201,Macmillan Publ. Co.
1202,MacMillan Publishing Company
1203,Macmillan Publishing Company/Collier Books
1204,MacMillan UK
1205,Main Street Books
1206,Malhavoc Press
1207,Management Books 2000
1208,Manchester University Press
1209,Manesse Verlag
1210,Manning Publications
1211,Margaret K. McElderry Books
1212,Mariner Books
1213,Mariner Books / Harvest Books
1214,Marion Boyars Publishers
1215,Marion Boyars Publishers Ltd
1216,Mark Cahill Ministries
1217,Marlowe & Company
1218,Marshall Cavendish Editions
1219,Marsilio Publishers
1220,Martínez Roca
1221,Marvel
1222,Marvel Comics
1223,Marvel Comics Group
1224,Material World
1225,Maxima New Media
1226,Mayfield Publishing Company (NY)
1227,McClelland & Stewart
1228,McClelland and Stewart
1229,McDougal Littel
1230,McFarland & Company
1231,McGraw-Hill
1232,McGraw-Hill Companies
1233,McGraw-Hill Education
1234,McGraw-Hill Humanities/Social Sciences/Languages
1235,McGraw-Hill Medical Publishing
1236,McGraw-Hill Professional Publishing
1237,McGraw-Hill Science/Engineering/Math
1238,McGraw-Hill/Glencoe
1239,McSweeney's
1240,Meisha Merlin Publishing
1241,Mel Bay Publications Inc.
1242,Melodrama Publishing
1243,Melville House Publishing
1244,Meredith Corporation
1245,Merlin Publishing
1246,Mestas Ediciones
1247,Métailié
1248,Methuen Drama
1249,Methuen Publishing
1250,MetroBooks (NY)
1251,Metropolitan Books
1252,Metropolitan Books/Henry Holt & Co. (NY)
1253,Michael Joseph
1254,Michael Joseph Ltd./Penguin Books Ltd.
1255,Michael O'Mara
1256,Michael O'Mara Books
1257,Microsoft Press
1258,Middlesex University Press
1259,Middleway Press
1260,Midnight Ink
1261,Mikaya Press
1262,Millenium
1263,Millipede Press
1264,Mills & Boon
1265,Minnesota Heritage Publishing
1266,Minnesota Historical Society Press
1267,Minotaur Books
1268,Mira
1269,Mira (Mills and Boon)
1270,Mira Books
1271,Miramax
1272,Miramax Books
1273,Mirrorstone
1274,MIT Press
1275,MIT Press (Cambridge MA)
1276,MIT Press (MA)
1277,MJF Books
1278,Modern Language Association of America
1279,Modern Library
1280,Modern Library (NY)
1281,Modern Library Classics
1282,Modern Library/Random House (NY)
1283,Modern Publishing
1284,Mondadori
1285,MONDIAL
1286,Mongoose Publishing
1287,Monkfish Book Publishing
1288,Monolith Graphics
1289,Montena
1290,Montlake Romance
1291,Moody Publishers
1292,Moody Publishers (Chicago)
1293,Morgan Road Books
1294,Morpheus International
1295,Morrow
1296,Motilal Banarsidass
1297,Motorbooks
1298,Motorbooks International
1299,Mountaineers Books
1300,Moyer Bell and its subsidiaries
1301,MTV Books
1302,Multnomah
1303,Multnomah Books
1304,Museum of Modern Art
1305,Mysterious Press
1306,Mythopoeic Press
1307,Naiad Press
1308,NAL
1309,NAL Books
1310,NAL Jam
1311,NAL Trade
1312,Nan A. Talese
1313,Nantier Beall Minoustchine Publishing
1314,Napoleon and Co
1315,Nation Books
1316,National Gallery London
1317,National Geographic
1318,National Geographic Children's Books
1319,National Geographic Society
1320,National Park Service
1321,Naxos Audiobooks
1322,Neil Wilson Publishing
1323,Nelson Books
1324,Nelson Current
1325,Nelson Reference & Electronic Publishing
1326,Nelson Thornes Ltd
1327,New American Library
1328,New City Press
1329,New Directions
1330,New Directions Publishing
1331,New Directions Publishing Corporation
1332,New English Library
1333,New English Library (Hodder & Stoughton)
1334,New Falcon Publications
1335,New Harbinger Publications
1336,New Island Books
1337,New Millennium Library
1338,New Page Books
1339,New Press
1340,New Press The
1341,New Press (NY)
1342,New Riders Publishing
1343,New Tradition Books
1344,New World Library
1345,New World Publishing
1346,New York : Penguin Books
1347,New York Review Children's Collection
1348,New York Review of Books
1349,New York University Press
1350,New York: Random House
1351,Newmarket
1352,Newmarket Press
1353,Nicholas Brealey
1354,Nick Hern Books
1355,Night Shade
1356,Night Shade Books
1357,Nimble Books
1358,No Exit Press
1359,No Starch Press
1360,Nonpareil Books
1361,Nonsuch Publishing
1362,Noonday Press
1363,Norma
1364,Norma Editorial
1365,North Atlantic Books
1366,North Light Books
1367,North Point Press
1368,North Star Publications (MA)
1369,Northeastern University Press
1370,Northwestern Univ Press
1371,Northwestern University Press
1372,Norton
1373,Norton and Co.
1374,Nostalgia Ventures
1375,Not Avail
1376,Nova Audio Books
1377,Nova Fronteira
1378,Nymphenburger
1379,NYRB Classics
1380,O'Brien Press
1381,O'Reilly Media
1382,Oberlin College Press
1383,Oberon Books
1384,Octopus Books
1385,Octopus Books (London)
1386,Oddysey/Harcourt Young Classics
1387,Odonian Press
1388,Ohio State University Press
1389,Omnibus Hc Bei Bertelsmann
1390,Omnibus Press
1391,Omohundro Institute and University of North Carolina Press
1392,One Hour Entertainment
1393,One World (UK)
1394,One World/Ballantine
1395,Oni Press
1396,Onyx
1397,Onyx Books
1398,Open Court
1399,Open Court Publishing Company
1400,Open Heaven Publications
1401,Orb Books
1402,Orbis Books
1403,Orbit
1404,Orbit Books
1405,Orchard
1406,Orchard Books
1407,Orchard Books (NY)
1408,Oregon State University Press
1409,Orion
1410,Orion (an Imprint of The Orion Publishing Group Ltd )
1411,Orion Books
1412,Orion Children's Books
1413,Orion Paperbacks
1414,Orion Publishing
1415,Orion Publishing Co
1416,Orion Publishing Co.
1417,Orion Publishing Group
1418,Orion Publishing Group Ltd.
1419,Osprey Publishing
1420,Other Press (NY)
1421,OUP Oxford
1422,Our Daily Bread Publishing
1423,Overeaters Anonymous Incorporated
1424,Overlook Press
1425,Overlook TP
1426,Owl Books
1427,Owl Books (Henry Holt)
1428,Owl Books (NY)
1429,Owl Publishing Company
1430,Owlet Paperbacks
1431,Oxford University Press
1432,Oxford University Press USA
1433,P & R Publishing
1434,P. F. Collier and Sons
1435,Palgrave Macmillan
1436,Pan
1437,Pan Australia
1438,Pan Books
1439,Pan Childrens
1440,Pan MacMillan
1441,Pan Macmillan Ltd. (London)
1442,Pan Publishing
1443,Panamericana Editorial
1444,Pantheon
1445,Pantheon Books
1446,Pantheon Books (NY)
1447,Panther
1448,Paperback Library
1449,Paraglyph Press
1450,Paris Press
1451,Park Street Press
1452,Parker Publishing Llc
1453,Patmos
1454,Paul Dry Books
1455,Paul Mellon Centre BA
1456,Paul S. Eriksson
1457,Paulist Press
1458,Pavement Saw Press
1459,Pavilion Press (Wi)
1460,Payot
1461,Peachpit Press
1462,Pearson
1463,Pearson Education
1464,Pearson Longman
1465,Peerage Books
1466,Pegasus Books
1467,Pelican Publishing
1468,Pelican Publishing Company
1469,Pen & Sword Military
1470,Penguin
1471,Penguin (Business)
1472,Penguin (Non-Classics)
1473,Penguin Audio
1474,Penguin Audio UK
1475,Penguin Book Limited
1476,Penguin Books
1477,Penguin Books Limited (UK)
1478,Penguin Books (London)
1479,Penguin Books (NY)
1480,Penguin Books (NYC)
1481,Penguin Books (Penguin Classics)
1482,Penguin Books /Penguin Classics
1483,Penguin Books Australia Ltd.
1484,Penguin Books Canada
1485,Penguin Books in association with Faber & Faber
1486,Penguin Books Limited
1487,Penguin Books Ltd
1488,Penguin Books Ltd.
1489,Penguin Books Ltd. (London)
1490,Penguin Books USA Inc.
1491,Penguin Books/Penguin Popular Classics
1492,Penguin Classic
1493,Penguin Classics
1494,Penguin Classics Deluxe Edition
1495,Penguin Classics Deluxe Editions
1496,Penguin Essential Editions
1497,Penguin Global
1498,Penguin Group
1499,Penguin Group (USA)
1500,Penguin Group(CA)
1501,Penguin Press
1502,Penguin Press HC The
1503,Penguin Putnam
1504,Penguin Signet
1505,Penguin UK
1506,Penguin Workshop
1507,Penguin Young Readers
1508,Penguin-HighBridge
1509,Penguin/Viking Compass (Non-Classics)
1510,Perennial
1511,Perennial / William Morrow / HarperCollins
1512,PerfectBound
1513,PerfectBound (HarperCollins)
1514,Perfection Learning
1515,Perigee Trade
1516,Peripatetic Press
1517,Peter Owen Ltd
1518,Peter Owen Publishers
1519,Peter Smith Publisher
1520,Peter Smith Publisher Inc.
1521,Pfeiffer & Company
1522,Phaidon Press
1523,Pharos Books
1524,Phébus
1525,Philomel Books
1526,Phoenix
1527,Phoenix Audio
1528,Phoenix Books/University of Chicago Press (IL)
1529,Phoenix Press
1530,Phoenix Press (UK)
1531,Pi Press
1532,Piatkus
1533,Piatkus Books
1534,Picador
1535,Picador Macmillan Publishers Ltd
1536,Picador USA
1537,Picture Book Studio Ltd
1538,Piemme
1539,Pimlico
1540,Pimsleur
1541,Pineapple Press
1542,Pinnacle
1543,Pinter & Martin Ltd
1544,Piper
1545,Piper Taschenbuch
1546,Piper Verlag
1547,Pippin Publishing
1548,Planeta
1549,Planeta Publishing
1550,Plaza & Janés
1551,Plaza & Janes Editores S.A.
1552,Plaza & Janés Editores S.A.
1553,Plaza & Janes Editores Sa
1554,Plaza & Janés Mexico
1555,Plaza y Janes
1556,Plaza y Janés
1557,Plexus Publishing
1558,Plexus Publishing Ltd
1559,Plume
1560,Plume (Penguin Books Ltd)
1561,Plume Books
1562,Pluto Press
1563,Pocket
1564,Pocket Books
1565,Pocket Books / Simon & Schuster Inc.
1566,Pocket Books: Gallery Books
1567,Pocket Books/Simon & Schuster (NY)
1568,Pocket Books/Star Trek
1569,Pocket Star
1570,Pocket Star Books
1571,Pogue Press
1572,Points
1573,Poisoned Pen Press
1574,Polity Press
1575,Polychrome Publishing Corporation
1576,Polyface
1577,Polygon
1578,Pomegranate Communications
1579,Poorhouse Press
1580,Poppy
1581,Porrua
1582,Portable Press
1583,Portfolio
1584,Poseidon Press
1585,Possibilities
1586,Potomac Books
1587,Power Press
1588,Praeger
1589,Praeger Publishers
1590,Pragmatic Bookshelf
1591,Prentice Hall
1592,Prentice Hall Press
1593,Prentice Hall PTR
1594,Prentice Hall/Library of Liberal Arts
1595,Prentice Hall/Scribner/Macmillan
1596,Prentice Hall/Simon & Schuster Company (Englewood Cliffs NJ)
1597,Presidio Press
1598,Presses de La Cite
1599,Prestel Publishing
1600,Prestwick House
1601,Prestwick House - (Literary Touchstone Classic)
1602,Price Stern Sloan
1603,Prima Games
1604,Prima Lifestyles
1605,Princeton Architectural Press
1606,Princeton University Press
1607,Princeton University Press (NJ)
1608,Profile Books
1609,Project Management Institute
1610,Prometheus Books
1611,Providence Forum Press
1612,Psychology Press
1613,Public Square Books
1614,PublicAffairs
1615,Puffin
1616,Puffin Audiobooks
1617,Puffin Books
1618,Puffin Books (Penguin Books)
1619,Puffin Group
1620,Punto de Lectura
1621,Purple House Press
1622,Push
1623,Putnam
1624,Putnam Adult
1625,Putnam Publishing Group
1626,Puzzle-Roca
1627,Puzzle-Via Magna
1628,Pygmalion Editions
1629,Pyramid Books
1630,Quality Paperback Book Club
1631,Quarry Press
1632,Quest Books
1633,Quill
1634,Quinteto
1635,Raintree
1636,Random House
1637,Random House for Young Readers
1638,Random House Inc.
1639,Random House (NY)
1640,Random House (Vintage)
1641,Random House Anchor
1642,Random House Audio
1643,Random House Audio Publishing Group
1644,Random House Books for Young Readers
1645,Random House Children's Books
1646,Random House for Young Readers
1647,Random House Inc.
1648,Random House Large Print
1649,Random House Large Print Publishing
1650,Random House Mondadori
1651,Random House Para Ninos
1652,Random House Puzzles & Games
1653,Random House Reference Publishing
1654,Random House Trade
1655,Random House Trade Paperbacks
1656,Random House UK Distribution
1657,Random House UK Ltd (A Division of Random House Group)
1658,Random House Value Publishing
1659,Random House Value Publishing/TheViking Press
1660,Random House Vintage
1661,Random House Vintage Books
1662,Random House: Modern Library
1663,Ravensburger Buchverlag
1664,Rayo
1665,Razorbill
1666,Rba Libros
1667,rbooks
1668,Re/Search Publications
1669,Reader's Digest Association
1670,Readers Digest
1671,Readers Digest.
1672,Reaktion Books
1673,Rebel Press
1674,Reclam
1675,Reclam Ditzingen
1676,Reclam Leipzig
1677,Record
1678,Recorded Books
1679,Recorded Books Inc.
1680,Red Dress Ink
1681,Red Fox
1682,Red Hen Pr
1683,Redleaf Press
1684,Regal Books
1685,Regan Books
1686,ReganBooks
1687,Regnery History
1688,Regnery Publishing
1689,Renaissance Books
1690,Replica Books
1691,Revive Publishing
1692,RH Audio
1693,RH Audio Price-less
1694,Rick Steves
1695,Rider
1696,Rivages
1697,River City Publishing
1698,Riverhead Books
1699,Riverhead Hardcover
1700,Riverrun Press (New York NY)
1701,Rizzoli
1702,Rizzoli International Publications
1703,Roaring Brook Press
1704,Robert Laffont
1705,Robert Rose
1706,Roberts Rinehart Publishers
1707,Robson Books London
1708,Roc
1709,Roc Hardcover
1710,Roc Trade
1711,Roca Editorial
1712,Rockport Publishers
1713,Rodale Books
1714,Ronin Publishing (CA)
1715,Rosenberg Publishing
1716,Rough Guides
1717,Routledge
1718,Routledge Classics
1719,Routledge Falmer
1720,Routledge Taylor & Francis Books Ltd imprint
1721,Routledge/Taylor & Francis Ltd.
1722,Rowman & Littlefield Publishers
1723,Rowohlt
1724,Rowohlt Taschenbuch Verlag GmbH
1725,Rowohlt Tb
1726,Rowohlt Tb.
1727,Rowohlt Verlag
1728,Roxford Books
1729,RP Minis
1730,Rufus Publications
1731,Running Press
1732,Running Press Adult
1733,Running Press Book Publishers
1734,Running Press Kids
1735,Rupa & Co
1736,Russell Enterprises
1737,Rutgers University Press
1738,Rux Martin/Houghton Mifflin Harcourt
1739,Ryland Peters & Small
1740,Saddleback Educational Publishing Inc.
1741,Sage Publications Inc
1742,Sage Publications Ltd
1743,Sagebrush
1744,Salamandra
1745,Salani
1746,Salem Press Inc
1747,SaltRiver
1748,Samhain Publishing
1749,Sams
1750,Samuel French Inc.
1751,Samuel French Ltd
1752,San Val
1753,Santillana USA Publishing Company
1754,Sarah Crichton Books
1755,Sasquatch Books
1756,Saunders
1757,Sceptre
1758,Schirmer Mosel
1759,Schirmer/Mosel
1760,Schocken
1761,Schocken Books
1762,Schocken Books Inc
1763,Scholastic
1764,Scholastic Inc.
1765,Scholastic Audio Books
1766,Scholastic Books
1767,Scholastic Inc
1768,Scholastic Inc.
1769,Scholastic Nonfiction
1770,Scholastic Paperbacks
1771,Scholastic Press
1772,Scholastic Reference
1773,School Specialty Publishing
1774,Schwartz & Wade Books
1775,Science Fiction Book Club
1776,SCM Press
1777,Scribner
1778,Scribner Book Company
1779,Scribner Classics
1780,Seal
1781,Seal Books
1782,Seal Press
1783,Secker
1784,Secker and Warburg
1785,See Sharp Press
1786,Seix Barral
1787,Self-Realization Fellowship Publishers
1788,Semiotext(e)
1789,Sensory Resources
1790,Sentient Publications
1791,Serpent's Tail
1792,Serpents Tail
1793,Servant Publications
1794,Seuil
1795,Seven Stories Press
1796,Severn House
1797,Severn House Publishers
1798,Shadow Mountain
1799,Shambhala
1800,Shambhala Publications
1801,Shaw
1802,Shaw Books
1803,Shaye Areheart Books
1804,Shepard Publications
1805,Sholom Aleichem Family Publications
1806,Shueisha
1807,Sidgwick & Jackson Ltd
1808,Sidran Press
1809,Sierra Club Books
1810,Siete Cuentos
1811,Signet
1812,Signet Book
1813,Signet Books (NY)
1814,Signet Classic
1815,Signet Classics
1816,Silhouette
1817,Silhouette Bombshell
1818,Silhouette Books
1819,Silhouette Desire
1820,Silhouette Romance
1821,Silhouette Special Edition
1822,Siloam
1823,Simon Schuster
1824,Simon Schuster Audio
1825,Simon Schuster Books for Young Readers
1826,Simon Schuster/Paula Wiseman Books
1827,Simon & Schuster
1828,Simon & Schuster (Trade Division)
1829,Simon & Schuster Adult Publishing Group
1830,Simon & Schuster Aladddin Paperbacks
1831,Simon & Schuster Audio
1832,Simon & Schuster Books for Young Readers
1833,Simon & Schuster Children's Publishing
1834,Simon & Schuster Childrens Books
1835,Simon & Schuster Libros en Español
1836,Simon & Schuster Paperbacks
1837,Simon & Schuster Simon Pulse
1838,Simon & Schuster; Media Tie-In edition
1839,Simon and Schuster
1840,Simon Publications
1841,Simon Pulse
1842,Simon Schuster
1843,Simple Productions
1844,Sinauer Associates
1845,Skinner House Books
1846,Sky Books (NY)
1847,Skylight Paths Publishing
1848,Sleeping Bear Press
1849,Small Beer Press
1850,Smart Pop
1851,Smithmark Publishers
1852,Smithsonian Books
1853,Soft Skull Press
1854,Soho Crime
1855,Soho Press
1856,Sophia Institute Press
1857,Soundings
1858,Sounds True
1859,Sourcebooks
1860,South End Press
1861,South End Press (Boston)
1862,Southern Methodist University Press
1863,Souvenir Press
1864,Sovereign World
1865,Spark Publishing
1866,SparkNotes
1867,Speak
1868,Specialty Press
1869,Spectra
1870,Spectra Books
1871,Spectra/Bantam Books (NYC)
1872,Sphere
1873,Springer
1874,Square Fish
1875,Square One Publishers
1876,St. Augustines Press
1877,St. Martin's
1878,St. Martin's Griffin
1879,St. Martin's Minotaur
1880,St. Martin's Paperback
1881,St. Martin's Paperbacks
1882,St. Martin's Press
1883,St. Martin's True Crime
1884,St. Martins Press
1885,St. Martins Press-3PL
1886,Stackpole Books
1887,Stanford University Press
1888,Stanford University Press (Stanford CA)
1889,Star Trek
1890,Starcatcher Press
1891,Starfire
1892,Starscape
1893,State University of New York Press
1894,Steerforth
1895,Steerforth Press
1896,Steidl
1897,Stenhouse Publishers
1898,Sterling
1899,Sterling Children's Books
1900,Sterling Publishing Co. Inc.
1901,Stewart Tabori and Chang
1902,Sticker Design (DC Comics)
1903,Stone Bridge Press
1904,Stonewall Inn Editions
1905,Storey Publishing LLC
1906,Subterranean Press
1907,Sudamericana
1908,Suhrkamp
1909,Suma
1910,Suma de Letras Brasileiras
1911,Sumach Press
1912,Summit University Press
1913,Sun & Moon Press
1914,Sun and Moon Press
1915,Sunburst
1916,Sunstone Press
1917,Sutton
1918,Sutton Publishing
1919,Swallow Press
1920,Sweet Valley
1921,T&T Clark Int'l
1922,Tachyon Publications
1923,Tanglewood
1924,Tantor Media
1925,Taplinger Publ. Company
1926,Taplinger Publishing
1927,Tarcher
1928,Tarcherperigee
1929,Taschen
1930,Taunton Press
1931,Tauris Parke Paperbacks
1932,Taylor Productions Ltd
1933,TEA
1934,Teacher Created Resources
1935,Teacher's Pet Publications
1936,Teacher's Pet Publications Inc.
1937,Teachers College Press
1938,Teaching Resources
1939,Temenos Press
1940,Ten Speed Press
1941,Texas A&M University Press
1942,Th1nk Books
1943,Thames Hudson
1944,Thames & Hudson
1945,Thames & Hudson Ltd
1946,That Patchwork Place
1947,The Audio Partners
1948,The Berkley Publishing Group
1949,The Bodley Head Ltd
1950,The Chicken House
1951,The Crossroad Publishing Company
1952,The Disinformation Company (NYC)
1953,The Guilford Press
1954,The Harvill Press
1955,The Liffey Press
1956,The MIT Press
1957,The Modern Library
1958,The Modern Library New York
1959,The Monacelli Press
1960,The New Press
1961,The New York Review Children's Collection
1962,The Orion Publishing Group Ltd
1963,The Overlook Press
1964,The Putnam & Grosset Group
1965,Theatre Communications Group
1966,Thomas Dunne Books
1967,Thomas Nelson
1968,Thomas Nelson Publishers
1969,Thomas Publications (PA)
1970,Thomas Y. Crowell Company
1971,Thorndike Press
1972,Thorndike Press Large Print
1973,Three Rivers Press
1974,Three Rivers Press (CA)
1975,Thunder's Mouth Press Books
1976,Timber Press (OR)
1977,Time Life Books
1978,Time Life Medical
1979,TIme Warner Books
1980,Time Warner Books UK
1981,Time Warner Paperbacks
1982,Time-Life Books
1983,Time-Life Books Inc.
1984,Timeless Texts
1985,Times Books
1986,Tin House Books
1987,Tin House Magazine
1988,Tinder Press
1989,Titan
1990,Titan Books
1991,Titan Books Ltd
1992,TokyoPop
1993,Tom Doherty Associates
1994,Tom Doherty Associates/Orb Books
1995,Tom Doherty Tor Fantasy
1996,Tommy Nelson
1997,Top Shelf Productions
1998,Topaz
1999,Tor
2000,Tor Books
2001,Tor Classics
2002,Tor Fantasy
2003,Tor Science Fiction
2004,Totem Books
2005,Touchstone
2006,Touchstone Books
2007,Tougher Disguises
2008,Townsend Press
2009,Trafalgar Square Publishing
2010,Trafford Publishing
2011,Transaction Publishers
2012,Transworld Publishers
2013,Transworld Publishers Ltd
2014,TravelersTales
2015,Treat Enterprises
2016,Trine Day
2017,Triple Crown Publications
2018,Troll Communications
2019,Tropismos
2020,TSR
2021,TSR Inc.
2022,TSR Inc./Wizards of the Coast
2023,Turtleback
2024,Turtleback Books
2025,Turtleback Books Distributed by Demco Media
2026,TusQuets
2027,Tuttle Publishing
2028,Twayne Publishers
2029,Twenty-First Century Books (CT)
2030,Twin Palms Publishers
2031,Two Lions
2032,Two Plus Two Publishing LLC
2033,Tyndale House Publishers
2034,Tyndale Momentum
2035,Ullstein
2036,Ullstein Buchverlage GmbH & Co. KG / Ullstein Tas
2037,Ullstein Tb
2038,Ulysses Press
2039,Umbriel
2040,Underwood/Miller Berkley
2041,Union Square Press
2042,Univ Of Minnesota Press
2043,Universal Publishers
2044,Universe
2045,Universe Publishing(NY)
2046,University of Alaska Press
2047,University of Arizona Press
2048,University of Arkansas Press
2049,University of Calgary Press
2050,University of California Press
2051,University of Chicago Press
2052,University of Georgia Press
2053,University of Illinois Press
2054,University of Massachusetts Press
2055,University of Michigan Press
2056,University of Minnesota Press
2057,University of Nebraska Press
2058,University of New Mexico Press
2059,University of North Carolina Press
2060,University of Notre Dame Press
2061,University of Oklahoma Press
2062,University of Pennsylvania Press
2063,University of Pittsburgh Press
2064,University of South Carolina Press
2065,University of Texas Press
2066,University of Texas Press (Austin/London)
2067,University of Toronto Press
2068,University of Utah Press
2069,University of Washington Press
2070,University of Wisconsin Press
2071,University Press of America
2072,University Press of Florida
2073,University Press of Kansas
2074,University Press of Kentucky
2075,University Press of Mississippi
2076,University Press of New England
2077,Unwin Paperbacks
2078,Urban Books
2079,Urion Press
2080,US Green Building Council
2081,US Naval Institute Press
2082,Usborne Books
2083,Vacation Work Publications
2084,Van Patten Publishing
2085,Vanderbilt University Press
2086,Vanguard Press
2087,Vantage Press
2088,VeloPress
2089,Vendome Press
2090,Verba Mundi
2091,Veritas Publishing
2092,Vermilion
2093,Verso
2094,Versus Press
2095,Vertical
2096,Vertigo
2097,Vertigo (DC Comics)
2098,Victor Gollancz
2099,Vida
2100,Viking
2101,Viking Adult
2102,Viking Books
2103,Viking Books for Young Readers
2104,Viking Children's Books
2105,Viking Juvenile
2106,Viking Penguin Inc.
2107,Viking Press
2108,Viking UK
2109,Viking; G. P. Putnam & Sons
2110,Villard
2111,Villard Books
2112,Vince Emery Productions
2113,Vintage
2114,Vintage Books
2115,Vintage Books a division of Random House
2116,Vintage Books USA
2117,Vintage Books/Vintage Classics
2118,Vintage Classics
2119,Vintage Contemporaries
2120,Vintage Crime
2121,Vintage Crime/Black Lizard
2122,Vintage Espanol
2123,Vintage International
2124,Vintage/Ebury
2125,Vintage/Ebury (A Division of Random House Group)
2126,Vintage/Random House (NY)
2127,Vintage/Random House Inc. (NYC)
2128,Virago
2129,Virago Press (UK)
2130,Virago Press Ltd
2131,Virago UK
2132,Virgin Publishing
2133,Vision
2134,Vision Forum
2135,Vivendi
2136,VIZ Media
2137,VIZ Media LLC
2138,Voice
2139,Volo
2140,Voyager
2141,Voyageur Press
2142,W Publishing Group
2143,W. W. Norton Company
2144,W. W. Norton & Co.
2145,W. W. Norton & Company
2146,W. W. Norton and Company
2147,W.W. Norton
2148,W.W. Norton Company
2149,W.W. Norton & Company
2150,W.W. Norton & Company Inc. (NY)
2151,W.W. Norton & Company (NY)
2152,W.W. Norton & Company (NY/London)
2153,W.W. Norton & Company (NYC)
2154,Wadsworth Publishing Company
2155,Waking Lion Press
2156,Walker
2157,Walker & Company
2158,Walker Books
2159,Walker Books Ltd
2160,Walter de Gruyter
2161,Walter Foster Publishing
2162,Warne
2163,Warner
2164,Warner Adult
2165,Warner Books
2166,Warner Books (NY)
2167,Warner Forever
2168,Warner Vision
2169,Warners Visions Books
2170,Wasendorf & Associates Inc
2171,Washington Square Press
2172,WaterBrook
2173,Waterbrook Press
2174,Watkins
2175,Watkins Publishing
2176,Watson-Guptill
2177,Watson-Guptill Publications
2178,Waveland Press
2179,Wayne State University Press
2180,Webster's New World
2181,Weidenfeld & Nicolson
2182,Weiser Books
2183,Welcome Books
2184,Wenner Books
2185,Wesleyan University Press
2186,Western Publishing Company Golden Books
2187,Westholme Publishing
2188,Westminster John Knox Press
2189,Westview Press
2190,Wheeler Publishing
2191,Whitaker House
2192,White Wolf Games Studio
2193,Wildside Press
2194,Wildstorm
2195,Wiley
2196,Wiley (TP)
2197,Wiley Publishing
2198,Wiley Publishing Inc.
2199,Wiley-Blackwell
2200,Wilhelm Goldmann Verlag GmbH
2201,William B. Eerdmans Publishing Company
2202,William Heinemann
2203,William Heinemann Ltd.
2204,William Morrow
2205,William Morrow / Harper
2206,William Morrow / HarperCollins / Harper Perennial
2207,William Morrow & Company
2208,William Morrow & Company Inc.
2209,William Morrow & Company (NYC)
2210,William Morrow Paperbacks
2211,William Morrow 1ST edition
2212,Windsor Golden Series
2213,Wings
2214,Wings Books
2215,Winter on the Farm (My First Little House)
2216,Wipf & Stock Publishers
2217,Wisdom Publications
2218,Wizarding World Press
2219,Wizards of the Coast
2220,Woodbridge Press Publishing Company
2221,Woodrow Wilson Center Press / Johns Hopkins University Press
2222,Wordsworth Classics
2223,Wordsworth Editions
2224,Workman Publishing Company
2225,World Wrestling Entertainment Books
2226,Worth Publishers
2227,Writer's Digest Books
2228,Wyatt Book
2229,Xlibris Corporation
2230,Xulon Press
2231,Y Lolfa
2232,Yale University Press
2233,Yale University Press (New Haven CT)
2234,Yapı Kredi Yayınları
2235,Yearling
2236,Yearling Books
2237,Yellow Jersey
2238,Yesterday's Classics
2239,York Press
2240,Yoruba Theological Archministry
2241,Yosemite Conservancy
2242,Young Picador
2243,YoungJin Singapore Pte. Ltd.
2244,Your Coach Digital
2245,Zebra
2246,Zebra Books
2247,Zenith Press
2248,Zeta Bolsillo
2249,Zondervan
2250,Zondervan Publishing Company
2251,Zondervan Publishing House
2252,Эксмо
2253,ガンガンコミックス
2254,ビブロス
2255,小学館
2256,小学館 [Shōgakukan]
2257,時報出版
2258,東立
2259,皇冠文化出版有限公司
2260,聯經出版事業股份有限公司
2261,英文漢聲出版股份有限公司
2262,角川書店 (Kadokawa Shoten)
2263,講談社
2264,集英社
